district,mandal,industry_category,industry_type,unit_name,line_of_activity,investment,employement,present_status,export,type_of_connection,ie_or_not,year
Hyderabad,Amberpet,SMALL,Proprietary,DURGA PRINTERS,Cardboard or corrugated box and paper products (excluding paper or pulp manufacturing and without using boilers),200000,3,Working,No,HT,NO,2021
Hyderabad,Amberpet,SMALL,Pvt Ltd,LODH VISUAL AIDS,"Gravure printing, digital printing on flex, vinyl",350000,5,Working,No,HT,NO,2021
Hyderabad,Amberpet,MEDIUM,Proprietary,VITAL THEARAPEUTICS PVT LTD,Tyres and tubes vulcanization/ hot retreating,300000,3,Working,No,HT,NO,2021
Hyderabad,Amberpet,SMALL,Proprietary,A.N.S. FEBS AND ENGINEERING WORKS,Fish processing and packing (excluding chilling of fishes),200000,2,Working,No,HT,NO,2021
Hyderabad,Amberpet,SMALL,Pvt Ltd,YOUNG INDIA CANE CRAFT,"Cement products (without using asbestos / boiler / steam curing) like pipe ,pillar, jafri, well ring, block/tiles etc.(should be done in closed covered shed to control fugitive emissions)",200000,2,Working,No,HT,NO,2021
Hyderabad,Amberpet,SMALL,Pvt Ltd,SUPREME ENGG WORKS,Repairing of electric motors and generators ( dry mechanical process),400000,4,Working,No,HT,NO,2021
Hyderabad,Amberpet,SMALL,Pvt Ltd,HITECH PHARMACEUTICALS PRIVATE LIMITED,Power generation plant [exceptWind and Solar renewablepower plants of all capacities and Mini Hyde! power plant of capacity >25MW[,250000,3,Working,No,HT,NO,2021
Hyderabad,Amberpet,SMALL,Proprietary,INTERNAL DECORATES,"Coke making, liquefaction, coal tar distillation or fuel gas making",350000,3,Working,No,HT,NO,2021
Hyderabad,Amberpet,SMALL,Pvt Ltd,PRAGATHI STEEL FURNITURE,"Modular wooden furniture from particle board, MDF< swan timber etc, Ceiling tiles/ partition board from saw dust, wood chips etc., and other agricultural waste using synthetic adhesive resin, wooden box making ( With boiler)",250000,3,Working,No,HT,NO,2021
Hyderabad,Amberpet,SMALL,Pvt Ltd,ARIHANT PLASTICS & PACKINGS,Tyres and tubes vulcanization/ hot retreating,300000,4,Working,No,HT,NO,2021
Hyderabad,Amberpet,SMALL,Pvt Ltd,SHRUTHIKESH INDUSTRIES,"Building and construction project more than 20,000 sq. m built up area",250000,3,Working,No,HT,NO,2021
Hyderabad,Amberpet,SMALL,Proprietary,A.K. Leathers,Leather cutting and stitching (more than 10 machine and using motor),200000,3,Working,No,HT,NO,2021
Hyderabad,Amberpet,SMALL,Proprietary,NASKON SOFT SOLUTIONS PVT LTD,Packing materials manufacturing from non asbestos fibre vegetable fibre yarn,350000,4,Working,No,HT,NO,2021
Hyderabad,Amberpet,SMALL,Pvt Ltd,OM SAFETY PRODUCTS,Compact disc computer floppy and cassette manufacturing / Reel manufacturing,250000,3,Working,No,HT,NO,2021
Hyderabad,Amberpet,SMALL,Proprietary,MADHURI UDITA SUCTION LIFTERS,Printing or etching of glass sheet usinghydrofluoric acid,220000,3,Working,No,HT,NO,2021
Hyderabad,Amberpet,SMALL,Proprietary,MEENAKSHI JEWELLERS,Engineering and fabrication units (dry process without any heat treatment / metal surface finishing operations / painting),300000,3,Working,No,HT,NO,2021
Hyderabad,Amberpet,SMALL,Pvt Ltd,FAB ENTERPRISES,Cotton spinning and weaving (medium and large scale),300000,3,Working,No,HT,NO,2021
Hyderabad,Amberpet,SMALL,Pvt Ltd,D M A FABRICATORS,"Solar power generation through solar photovoltaic cell, wind power and mini hydel power (less than 25 MW)",300000,5,Working,No,HT,NO,2021
Hyderabad,Ameerpet,SMALL,Pvt Ltd,DPSP,Electric lamp ( bulb) and GE manufacturing by assembling only,300000,3,Working,No,HT,NO,2021
Hyderabad,Ameerpet,SMALL,Pvt Ltd,SUN SHINE ENGINEERING WORKS,Asbestos and asbestos basedindustries,300000,4,Working,No,HT,NO,2021
Hyderabad,Ameerpet,SMALL,Proprietary,NEO SOLAR CHEMICALS INTERPRISES,"Chlorine, fluorine, bromine,iodine and their compounds",250000,4,Working,No,HT,NO,2021
Hyderabad,Ameerpet,SMALL,LLP,SRI LAXMI SANITARY & HARDWARE,Airports and Commercial AirStrips,300000,3,Working,No,HT,NO,2021
Hyderabad,Ameerpet,SMALL,Pvt Ltd,OM SAFETY PRODUCTS,Coated electrode manufacturing,260000,3,Working,No,HT,NO,2021
Hyderabad,Ameerpet,SMALL,Proprietary,TRISHIKA ENTERPRISES,Food and food processing including fruits and vegetable processing,350000,3,Working,No,HT,NO,2021
Hyderabad,Ameerpet,MEDIUM,Proprietary,GULF FURNITURE,Leather cutting and stitching (more than 10 machine and using motor),500000,6,Working,No,HT,NO,2021
Hyderabad,Ameerpet,SMALL,Pvt Ltd,PRINT ARTS CORPORATION,Electrical and electronic item assembling ( completely dry process),200000,3,Working,No,HT,NO,2021
Hyderabad,Ameerpet,SMALL,Pvt Ltd,M.SENOR INDUSTRIES PRIVATE LIMITED,Industrial estates / parks/complexes / areas / export processing zones/ SEZs / Biotech parks/ leather complex,350000,4,Working,No,HT,NO,2021
Hyderabad,Ameerpet,SMALL,Pvt Ltd,CRESCENT ENGINEERING WORKS,"Cement products (without using asbestos / boiler / steam curing) like pipe ,pillar, jafri, well ring, block/tiles etc.(should be done in closed covered shed to control fugitive emissions)",350000,4,Working,No,HT,NO,2021
Hyderabad,Ameerpet,SMALL,Proprietary,NV INDUSTRIES,Electric lamp ( bulb) and GE manufacturing by assembling only,300000,5,Working,No,HT,NO,2021
Hyderabad,Ameerpet,SMALL,Pvt Ltd,SHAFIYA ENTERPRISES,Milk processes and dairyproducts(integrated project),250000,3,Working,No,HT,NO,2021
Hyderabad,Ameerpet,SMALL,Pvt Ltd,REES MEDI LIFE PRIVATE LIMITED,"Yarn / Textile processinginvolving any effluent/emission generating processes includingbleaching, dyeing, printing andcolouring",350000,4,Working,No,HT,NO,2021
Hyderabad,Ameerpet,SMALL,Pvt Ltd,LIPPIA PRIVATE LIMITED,Rubber goods industry (with gas operated baby boiler),300000,4,Working,No,HT,NO,2021
Hyderabad,Ameerpet,SMALL,Pvt Ltd,sree lakshmi plastiics,Cotton spinning and weaving (medium and large scale),20000,3,Working,No,HT,NO,2021
Hyderabad,Ameerpet,SMALL,Proprietary,CHANDRA MARKETING,Brickfields ( excluding fly ash brick manufacturing using lime process),200000,5,Working,No,HT,NO,2021
Hyderabad,Ameerpet,SMALL,Proprietary,METRO AGARBATTI COMPANY,Pharmaceutical Formulation for R & D purpose (for sustained release/extended release of drugs only and not for commercial purpose),150000,2,Working,No,HT,NO,2021
Hyderabad,Ameerpet,SMALL,Partnership,MANNA WA SALWA FOODS PRIVATE LIMITED,Puffed rice (muri) (using gas or electrical heating system),340000,8,Working,No,HT,NO,2021
Hyderabad,Ameerpet,SMALL,Proprietary,DECCAN ENTERPRISES,Cotton and woolen hosiers making ( Dry process only without any dying / washing operation),400000,5,Working,No,HT,NO,2021
Hyderabad,Asifnagar,MEDIUM,Proprietary,KVL CONSTRUCTIONS,Brickfields ( excluding fly ash brick manufacturing using lime process),100000,8,Working,No,HT,NO,2021
Hyderabad,Asifnagar,SMALL,Proprietary,tas apparels,"Isolated storage of hazardouschemicals (as per schedule of manufacturing, storage ofhazardous chemicals rules ;1989as amended)",300000,5,Working,No,HT,NO,2021
Hyderabad,Asifnagar,SMALL,Proprietary,M K TIN WORKS,Fertilizer (basic) (excludingformulation),350000,5,Working,No,HT,NO,2021
Hyderabad,Asifnagar,SMALL,Proprietary,BLUE SEA SNACKS & FOODS,Biscuits trays etc from rolled PVC sheet (using automatic vacuum forming machines),120000,5,Working,No,HT,NO,2021
Hyderabad,Asifnagar,SMALL,Proprietary,SBMS INDUSTRIES,"Industries engaged in recycling/reprocessing/ recovery/ reuse of Hazardous Waste under schedule iv of HW( M, H& TBM) rules, 2008 - Items namely - Brass Dross,Copper Dross,Copper Oxide Mill Scale,Copper Reverts, Cake & Residues, Waste Copper and copper alloys in dispersible form, Slags from copper processing for further processing or refining, Insulated Copper Wire Scrap/copper with PVC sheathing including ISRI-code material namely ""Druid"" Jelly filled Copper cables ""Zinc Dross-Hot dip GalvanizersSLAB, Zinc Dross-Bottom Dross, Zinc ash/Skimming arising from galvanizing and die casting operations, Zinc ash/Skimming/ other zinc bearing wastes arising from smelting and refining, Zinc ash and residues including zinc alloy residues in dispersible from,",250000,10,Working,No,HT,NO,2021
Hyderabad,Asifnagar,MEDIUM,Proprietary,SUNDER BOOKBINDING WORKS,Printing or etching of glass sheet usinghydrofluoric acid,600000,3,Working,No,HT,NO,2021
Hyderabad,Asifnagar,SMALL,Proprietary,DECCAN HANDICRAFTS,"Silk screen printing, sari printing by wooden blocks",300000,5,Working,No,HT,NO,2021
Hyderabad,Asifnagar,SMALL,Pvt Ltd,CAXTON OFFSET PRIVATE LIMITED,Fountain pen manufacturing by assembling only,300000,5,Working,No,HT,NO,2021
Hyderabad,Asifnagar,SMALL,Proprietary,SANTOSH HERBAL COSMETICS,Cotton and woolen hosiers making ( Dry process only without any dying / washing operation),500000,6,Working,No,HT,NO,2021
Hyderabad,Asifnagar,MEDIUM,Partnership,KOHINOOR PACKAGING INDUSTRIES,"Dry coal processing, mineral processing, industries involving ore sintering, pelletisating, Grinding and Pulverisation",500000,10,Working,No,HT,NO,2021
Hyderabad,Bahadurpura,SMALL,Proprietary,M/S A B S LABORATORIES,Thermal Power Plants,600000,6,Working,No,HT,NO,2021
Hyderabad,Bahadurpura,SMALL,Proprietary,M/S AGRAWAL PLASTIC INDUSTRIES,Reprocessing of waste plastic Including PVC,500000,5,Working,No,HT,NO,2021
Hyderabad,Bahadurpura,SMALL,Proprietary,INDOMINE HYDRAULICS,"Synthetic fibers including rayon ,tyre cord, polyester filamentyarn",800000,10,Working,No,HT,NO,2021
Hyderabad,Bahadurpura,SMALL,Proprietary,FAMOUS MECHANICAL & PLASTIC WORKS,"Facility of handling, storage and transportation of food grains in bulk",500000,10,Working,No,HT,NO,2021
Hyderabad,Bahadurpura,MEDIUM,Proprietary,JEEVAKA INDUSTRIES PVT LTD,Tyres and tubes vulcanization/ hot retreating,400000,5,Working,No,HT,NO,2021
Hyderabad,Bahadurpura,SMALL,Proprietary,ROYAL OVEN EQUIPMENTS,Packing materials manufacturing from non asbestos fibre vegetable fibre yarn,300000,9,Working,No,HT,NO,2021
Hyderabad,Bahadurpura,SMALL,Partnership,R K INTERIORS,"Modular wooden furniture from particle board, MDF< swan timber etc, Ceiling tiles/ partition board from saw dust, wood chips etc., and other agricultural waste using synthetic adhesive resin, wooden box making ( With boiler)",500000,10,Working,No,HT,NO,2021
Hyderabad,Bahadurpura,SMALL,Pvt Ltd,YENUGONDA APPARELS PRIVATE LIMITED,Rubber goods industry (with gas operated baby boiler),230000,2,Working,No,HT,NO,2021
Hyderabad,Bahadurpura,SMALL,Proprietary,M/S. ELECTRO ENGINEERING ENTERPRISES,Diesel pump repairing and servicing ( complete mechanical dry process),500000,6,Working,No,HT,NO,2021
Hyderabad,Bahadurpura,SMALL,Proprietary,SANABIL ENTERPRISES,"Cement products (without using asbestos / boiler / steam curing) like pipe ,pillar, jafri, well ring, block/tiles etc.(should be done in closed covered shed to control fugitive emissions)",300000,6,Working,No,HT,NO,2021
Hyderabad,Bahadurpura,SMALL,Proprietary,JAYDEV PAL GEMS & JEWELS,"Cutting, sizing and polishing of marble stone",500000,10,Working,No,HT,NO,2021
Hyderabad,Bahadurpura,SMALL,Proprietary,sree hari om packaging,Automobile fuel outlet (only dispensing),130000,3,Working,No,HT,NO,2021
Hyderabad,Bahadurpura,SMALL,Proprietary,BHAVANI AGROVET PRIVATE LIMITED,Automobile Manufacturing(integrated facilities),250000,8,Working,No,HT,NO,2021
Hyderabad,Bahadurpura,SMALL,Proprietary,BHAWANI INDUSTRIES,Polythene and plastic processed products manufacturing(Virgin Plastic),500000,5,Working,No,HT,NO,2021
Hyderabad,Bahadurpura,SMALL,Proprietary,SHREE SHRADHA JEWELLERS,"Cement products (without using asbestos / boiler / steam curing) like pipe ,pillar, jafri, well ring, block/tiles etc.(should be done in closed covered shed to control fugitive emissions)",200000,10,Working,No,HT,NO,2021
Hyderabad,Bahadurpura,MEDIUM,Proprietary,SURYA KIRAN ENGG & FABRICATORS,Diesel pump repairing and servicing ( complete mechanical dry process),500000,10,Working,No,HT,NO,2021
Hyderabad,Bahadurpura,SMALL,Proprietary,SUMANGALAM ALUMINIUM EXTRUSIONS P LTD,"Chilling plant, cold storage and ice making",500000,10,Working,No,HT,NO,2021
Hyderabad,Bahadurpura,SMALL,Proprietary,SOFA FACTORY,"Modular wooden furniture from particle board, MDF< swan timber etc, Ceiling tiles/ partition board from saw dust, wood chips etc., and other agricultural waste using synthetic adhesive resin, wooden box making ( With boiler)",350000,10,Working,No,HT,NO,2021
Hyderabad,Bahadurpura,SMALL,Proprietary,prasad physical laboratories,Electrical and electronic item assembling ( completely dry process),10,10,Working,Yes,LT,NO,2021
Hyderabad,Bandlaguda,SMALL,Proprietary,M/S DECCAN PRESS,Organic manure (manual mixing),500000,5,Working,No,HT,NO,2021
Hyderabad,Bandlaguda,SMALL,Proprietary,Maheshwari Metal Industry,Automobile Manufacturing(integrated facilities),250000,10,Working,No,HT,NO,2021
Hyderabad,Bandlaguda,SMALL,Pvt Ltd,PRIUS ENTERPRISES PRIVATE LIMITED,Manufacturing of shoe brush and wire brush,250000,3,Working,No,HT,NO,2021
Hyderabad,Bandlaguda,SMALL,Proprietary,O & S RATNA ALUMINIUM FABRICATORS PVT LTD,Synthetic rubber excluding molding,500000,7,Working,No,HT,NO,2021
Hyderabad,Bandlaguda,SMALL,Proprietary,NAGRIS HERBS,Ayurvedic and homeopathic medicine,250000,5,Working,No,HT,NO,2021
Hyderabad,Bandlaguda,SMALL,Pvt Ltd,SCHALTECH AUTOMATION PVT LTD,Automobile Manufacturing(integrated facilities),150000,10,Working,No,HT,NO,2021
Hyderabad,Bandlaguda,LARGE,Proprietary,MBN ROPES & TWINES,Fountain pen manufacturing by assembling only,170000,10,Working,No,HT,NO,2021
Hyderabad,Bandlaguda,SMALL,Proprietary,Premier Enterprises,Ply-board manufacturing (includingVeneer and laminate) with oil firedboiler/ thermlc fluid heater(withoutresin plant),350000,5,Working,No,HT,NO,2021
Hyderabad,Bandlaguda,SMALL,Proprietary,M/S DECCAN POLYMERS,"Cement products (without using asbestos / boiler / steam curing) like pipe ,pillar, jafri, well ring, block/tiles etc.(should be done in closed covered shed to control fugitive emissions)",300000,6,Working,No,HT,NO,2021
Hyderabad,Bandlaguda,SMALL,Proprietary,PASHA TIN SUPPLIERS,Ceramic colour manufacturing by mixing & blending only (not using boiler and wastewater recycling process),300000,6,Working,No,HT,NO,2021
Hyderabad,Bandlaguda,SMALL,Proprietary,ON LED INC,Diesel Generator sets (15 KVA to 1 MVA),500000,5,Working,No,HT,NO,2021
Hyderabad,Bandlaguda,SMALL,Pvt Ltd,SHANKAR EXPORT,Diesel Generator sets (15 KVA to 1 MVA),400000,10,Working,No,HT,NO,2021
Hyderabad,Bandlaguda,SMALL,Proprietary,MINT ENVIRON PRIVATE LIMITED,Power generation plant [exceptWind and Solar renewablepower plants of all capacities and Mini Hyde! power plant of capacity >25MW[,500000,10,Working,No,HT,NO,2021
Hyderabad,Bandlaguda,SMALL,Proprietary,HSS FURNITURE,Seasoning of wood in steam heated chamber,500000,6,Working,No,HT,NO,2021
Hyderabad,Bandlaguda,SMALL,Proprietary,AIRFROST ENGINEERS,"Automobile servicing, repairing andpainting (excluding only fuel dispensing)",500000,10,Working,No,HT,NO,2021
Hyderabad,Bandlaguda,SMALL,Proprietary,GAJANAND ENTERPRISES,Polythene and plastic processed products manufacturing(Virgin Plastic),400000,5,Working,No,HT,NO,2021
Hyderabad,Bandlaguda,SMALL,Proprietary,VISTA TECHNO CORPORATION,DG Set of capacity > 5 MVA,800000,15,Working,No,HT,NO,2021
Hyderabad,Bandlaguda,MEDIUM,Proprietary,M/S V SQUARE MARKETING,Dal Mills,500000,6,Working,No,HT,NO,2021
Hyderabad,Charminar,SMALL,Proprietary,SHREE MEENAKSHI HANDLOOMS AND TEXTILES,Handloom/ carpet weaving ( without dying and bleaching operation),350000,4,Working,No,HT,NO,2021
Hyderabad,Charminar,SMALL,Proprietary,f t engineering works,Aluminium & copper extraction from scrap using oil fired furnace (dry process only),350000,4,Working,No,HT,NO,2021
Hyderabad,Charminar,SMALL,Proprietary,MYSORE G N AGARBATHI EXPORTERS,Bailing (hydraulic press)of waste papers,600000,6,Working,No,HT,NO,2021
Hyderabad,Charminar,SMALL,LLP,Jai Santoshi Mata Furniture Works,"Carpentry & wooden furniture manufacturing (excluding saw mill) with the help of electrical (motorized) machines such as electrical wood planner, steel saw cutting circular blade, etc",350000,4,Working,No,HT,NO,2021
Hyderabad,Charminar,SMALL,Pvt Ltd,Fatima Bag House,Power looms (without dye and bleaching),300000,6,Working,No,HT,NO,2021
Hyderabad,Charminar,SMALL,Pvt Ltd,BHARAT ICE INDUSTRIES,Milk processes and dairyproducts(integrated project),300000,4,Working,No,HT,NO,2021
Hyderabad,Charminar,MEDIUM,Proprietary,a k s industries,Manufacturing of shoe brush and wire brush,400000,6,Working,No,HT,NO,2021
Hyderabad,Charminar,SMALL,Proprietary,MODERN FURNITURES,Thermal Power Plants,250000,8,Working,No,HT,NO,2021
Hyderabad,Charminar,SMALL,Proprietary,MANSI PLASTIC,Flakes from rejected PET bottle,300000,5,Working,No,HT,NO,2021
Hyderabad,Charminar,SMALL,Pvt Ltd,SHEKHAR ENTERPRISES,Power generation plant [exceptWind and Solar renewablepower plants of all capacities and Mini Hyde! power plant of capacity <25MW[,250000,4,Working,No,HT,NO,2021
Hyderabad,Charminar,SMALL,Pvt Ltd,MAINSTAY HOLDING,Fly ash bricks/ block manufacturing,200000,2,Working,No,HT,NO,2021
Hyderabad,Charminar,SMALL,Proprietary,RAJKUMAR PAINTING WORKS,Leather foot wear and leather products (excluding tanning and hide processing except cottage scale),300000,5,Working,No,HT,NO,2021
Hyderabad,Charminar,SMALL,Pvt Ltd,A S ENGINEERING WORKS,Brass and bell metal utensils manufacturing from circles(dry mechanical operation without re-rolling facility),250000,3,Working,No,HT,NO,2021
Hyderabad,Charminar,SMALL,Pvt Ltd,SHAKTI INDUSTRIES,Industry or process involving'metal surface treatment orprocess such as pickling/electroplating/paint stripping/heat treatment using cyanidebath/ phosphating or finishingand anodizing / enamellings/galvanizing,250000,2,Working,No,HT,NO,2021
Hyderabad,Charminar,SMALL,Proprietary,MAHALAXMI BAKERY,"Solar power generation through solar photovoltaic cell, wind power and mini hydel power (less than 25 MW)",500000,5,Working,No,HT,NO,2021
Hyderabad,Charminar,SMALL,Pvt Ltd,DHANWINN ENTERPRISES,"Cement products (without using asbestos / boiler / steam curing) like pipe ,pillar, jafri, well ring, block/tiles etc.(should be done in closed covered shed to control fugitive emissions)",300000,2,Working,No,HT,NO,2021
Hyderabad,Charminar,SMALL,Proprietary,SANJANA GARMENTS,Electric lamp ( bulb) and GE manufacturing by assembling only,600000,8,Working,No,HT,NO,2021
Hyderabad,Charminar,SMALL,Pvt Ltd,VRAJ ENTERPRISES,Fish processing and packing (excluding chilling of fishes),300000,4,Working,No,HT,NO,2021
Hyderabad,Charminar,SMALL,Proprietary,BHANDARI STEELS,"Formulation/palletization of camphor tablets,naphthalene balls from camphor/ naphthalene powders",300000,5,Working,No,HT,NO,2021
Hyderabad,Charminar,SMALL,Proprietary,A P MET ENGINEERING LTD,Forging of ferrous and non- ferrous metals ( using oil and gas fired furnaces),400000,5,Working,No,HT,NO,2021
Hyderabad,Charminar,SMALL,Proprietary,SRI RAMA METAL WORKS,Flour mills (dry process),200000,2,Working,No,HT,NO,2021
Hyderabad,Charminar,SMALL,Proprietary,PRINT ARTS CORPORATION,Printing or etching of glass sheet usinghydrofluoric acid,300000,3,Working,No,HT,NO,2021
Hyderabad,Charminar,SMALL,Pvt Ltd,GANESH MARKETING,Oil and gas transportation pipeline,300000,3,Working,No,HT,NO,2021
Hyderabad,Charminar,SMALL,Proprietary,S S A VASAVI ENTERPRISES,Digital printing on PVC clothes,450000,5,Working,No,HT,NO,2021
Hyderabad,Charminar,SMALL,Pvt Ltd,SREE MARUTHI REFRIGERATION,Power generation plant [exceptWind and Solar renewablepower plants of all capacities and Mini Hyde! power plant of capacity <25MW[,300000,4,Working,No,HT,NO,2021
Hyderabad,Charminar,SMALL,Pvt Ltd,MACHAYENGE,Manufacturing of glass,200000,3,Working,No,HT,NO,2021
Hyderabad,Charminar,SMALL,Proprietary,SURAJ BHAN AND COMPANY JEWELLERY,"Industries engaged in recycling / reprocessing/ recovery/reuse of Hazardous Waste underschedule iv of HW( M, H& TBM) rules, 2008 - Items namely -Spent cleared metal catalystcontaining copper„Spent cleared metal catalystcontaining zinc„",800000,6,Working,No,HT,NO,2021
Hyderabad,Charminar,SMALL,Pvt Ltd,SWASTIK HERBAL COSMETICS,Reprocessing of waste plastic Including PVC,200000,2,Working,No,HT,NO,2021
Hyderabad,Charminar,SMALL,Proprietary,h k g n engineering co,Aluminium & copper extraction from scrap using oil fired furnace (dry process only),500000,6,Working,No,HT,NO,2021
Hyderabad,Charminar,SMALL,Pvt Ltd,ZOHEB CARDS & PRINTERS,Cardboard or corrugated box and paper products (excluding paper or pulp manufacturing and without using boilers),250000,3,Working,No,HT,NO,2021
Hyderabad,Charminar,MEDIUM,Proprietary,KIRAN ENTERPRISES,"Synthetic fibers including rayon ,tyre cord, polyester filamentyarn",700000,15,Working,No,HT,NO,2021
Hyderabad,Charminar,SMALL,Proprietary,BELIEVE BAGS INDUSTRIES,Industrial estates / parks/complexes / areas / export processing zones/ SEZs / Biotech parks/ leather complex,200000,2,Working,No,HT,NO,2021
Hyderabad,Charminar,SMALL,Pvt Ltd,A.N.S. FEBS AND ENGINEERING WORKS,Electrical and electronic item assembling ( completely dry process),300000,3,Working,No,HT,NO,2021
Hyderabad,Charminar,SMALL,Proprietary,Designer Furniture,Polythene and plastic processed products manufacturing(Virgin Plastic),250000,3,Working,No,HT,NO,2021
Hyderabad,Charminar,SMALL,Proprietary,ASIA LEATHER,Leather foot wear and leather products (excluding tanning and hide processing except cottage scale),300000,3,Working,No,HT,NO,2021
Hyderabad,Charminar,SMALL,Proprietary,K R ENTERPRISES,Electric lamp ( bulb) and GE manufacturing by assembling only,700000,15,Working,No,HT,NO,2021
Hyderabad,Charminar,SMALL,Pvt Ltd,Medhini Enterprises,Reprocessing of waste plastic Including PVC,350000,3,Working,No,HT,NO,2021
Hyderabad,Charminar,SMALL,Proprietary,shantineketan garden scapes,Paper pins and u clips,350000,6,Working,No,HT,NO,2021
Hyderabad,Charminar,SMALL,Pvt Ltd,Jagdamba Enterprises,"Carpentry & wooden furniture manufacturing (excluding saw mill) with the help of electrical (motorized) machines such as electrical wood planner, steel saw cutting circular blade, etc",300000,4,Working,No,HT,NO,2021
Hyderabad,Charminar,SMALL,Pvt Ltd,LIPPIA PRIVATE LIMITED,Polythene and plastic processed products manufacturing(Virgin Plastic),300000,5,Working,No,HT,NO,2021
Hyderabad,Charminar,MEDIUM,Proprietary,JAI BHAWANI FURNITURE,Leather cutting and stitching (more than 10 machine and using motor),600000,10,Working,No,HT,NO,2021
Hyderabad,Charminar,SMALL,Proprietary,BHARAT DYNAMICS LIMITED,Cement,200000,5,Working,No,HT,NO,2021
Hyderabad,Charminar,SMALL,Proprietary,Komal Paper Enterprises,Printing or etching of glass sheet usinghydrofluoric acid,250000,10,Working,No,HT,NO,2021
Hyderabad,Charminar,SMALL,Pvt Ltd,UNNATI SILK PRINTS PRIVATE LIMITED,Digital printing on PVC clothes,250000,3,Working,No,HT,NO,2021
Hyderabad,Charminar,SMALL,Proprietary,KRISHMA SOLAR PVT LTD,"Solar power generation through solar photovoltaic cell, wind power and mini hydel power (less than 25 MW)",500000,6,Working,No,HT,NO,2021
Hyderabad,Charminar,SMALL,Proprietary,ADITYA MANNEQUINS,Electrical and electronic item assembling ( completely dry process),350000,5,Working,No,HT,NO,2021
Hyderabad,Charminar,SMALL,Pvt Ltd,ANNAPURNA INDUSTRIES,Chanachur and ladoo from puffed and beaten rice( murl and shira) using husk fired oven,300000,5,Working,No,HT,NO,2021
Hyderabad,Charminar,SMALL,Proprietary,AIRAVATA WEAVES AND TEXTILES PRIVATE LIMITED,Cotton spinning and weaving (medium and large scale),300000,5,Working,No,HT,NO,2021
Hyderabad,Charminar,MEDIUM,Proprietary,BHARAT DYNAMICS LIMITED,"Cement products (without using asbestos / boiler / steam curing) like pipe ,pillar, jafri, well ring, block/tiles etc.(should be done in closed covered shed to control fugitive emissions)",150000,5,Working,No,HT,NO,2021
Hyderabad,Charminar,SMALL,Proprietary,R R PACKAGING INDUSTRIES,Packing of powdered mill,250000,10,Working,No,HT,NO,2021
Hyderabad,Hyderabad,SMALL,Proprietary,VIETA PLUS FOODS & BEVERAGES PRIVATE LIMITED,Ice cream,300000,3,Working,No,HT,NO,2021
Hyderabad,Charminar,SMALL,Proprietary,DRAGON NOODLES,Fish processing and packing (excluding chilling of fishes),600000,10,Working,No,HT,NO,2021
Hyderabad,Charminar,SMALL,Proprietary,RAMESHCHAND AND SONS JEWELLERS,Flour mills (dry process),600000,8,Working,No,HT,NO,2021
Hyderabad,Charminar,SMALL,Proprietary,SUNRISE INDUSTRIES,Food and food processing including fruits and vegetable processing,200000,3,Working,No,HT,NO,2021
Hyderabad,Charminar,SMALL,LLP,RAHMAT HANDI CRAFTS,Paper pins and u clips,300000,4,Working,No,HT,NO,2021
Hyderabad,Charminar,SMALL,Pvt Ltd,LIANARA - HIGH FASHION PRIVATE LIMITED,"Glass , ceramic, earthen potteries, tile and tile manufacturing using electrical kiln or not Involving fossil fuel kiln",300000,4,Working,No,HT,NO,2021
Hyderabad,Charminar,SMALL,Partnership,ZIA ENGINEERING WORKS,Engineering and fabrication units (dry process without any heat treatment / metal surface finishing operations / painting),300000,3,Working,No,HT,NO,2021
Hyderabad,Charminar,SMALL,Proprietary,JAHAPANAH FURNITURE,"Modular wooden furniture from particle board, MDF< swan timber etc, Ceiling tiles/ partition board from saw dust, wood chips etc., and other agricultural waste using synthetic adhesive resin, wooden box making ( With boiler)",200000,5,Working,No,HT,NO,2021
Hyderabad,Charminar,MEDIUM,Proprietary,NANDI POLYMER,"Gold and silver smithy (purification with acid, smelting operating and sulfuric acidpolishing operation) (using less than or equal to 1 litre of Sulphuric Acid / Nitric Acid permonth.",800000,100,Working,No,HT,NO,2021
Hyderabad,Charminar,SMALL,Pvt Ltd,B.R. TIMBER PANELS,Ayurvedic and homeopathic medicine,300000,3,Working,No,HT,NO,2021
Hyderabad,Charminar,SMALL,Pvt Ltd,ENVIRONMENTAL AND SPATIAL SOLUTIONS INDIA PRIVATE,"Cement products (without using asbestos / boiler / steam curing) like pipe ,pillar, jafri, well ring, block/tiles etc.(should be done in closed covered shed to control fugitive emissions)",250000,3,Working,No,HT,NO,2021
Hyderabad,Charminar,SMALL,Pvt Ltd,SV CONCRETE BLOCKS,"Cement products (without using asbestos / boiler / steam curing) like pipe ,pillar, jafri, well ring, block/tiles etc.(should be done in closed covered shed to control fugitive emissions)",250000,4,Working,No,HT,NO,2021
Hyderabad,Charminar,SMALL,Pvt Ltd,KING INDUSTRIES,Industry or process involving'metal surface treatment orprocess such as pickling/electroplating/paint stripping/heat treatment using cyanidebath/ phosphating or finishingand anodizing / enamellings/galvanizing,250000,3,Working,No,HT,NO,2021
Hyderabad,Charminar,SMALL,Proprietary,SPACE TECH,Surgical and medical products assembling only (not involving effluent / emission generating processes),300000,4,Working,No,HT,NO,2021
Hyderabad,Charminar,SMALL,Proprietary,SAINOR LABORATORIES PVT LTD,Rope (plastic and cotton),300000,4,Working,No,HT,NO,2021
Hyderabad,Charminar,SMALL,Proprietary,MEDICUBE HEALTH CARE PRIVATE LIMITED,Printing press,500000,5,Working,No,HT,NO,2021
Hyderabad,Charminar,SMALL,Proprietary,M K FURNITURE,"Carpentry & wooden furniture manufacturing (excluding saw mill) with the help of electrical (motorized) machines such as electrical wood planner, steel saw cutting circular blade, etc",350000,4,Working,No,HT,NO,2021
Hyderabad,Charminar,SMALL,Proprietary,SRI SRI RAMA PRODUCTS,Compact disc computer floppy and cassette manufacturing / Reel manufacturing,250000,2,Working,No,HT,NO,2021
Hyderabad,Golconda,SMALL,Pvt Ltd,SHRI JAGADAMBA ENTERPRISES,"Dry coal processing, mineral processing, industries involving ore sintering, pelletisating, Grinding and Pulverisation",500000,10,Working,No,HT,NO,2021
Hyderabad,Golconda,SMALL,Proprietary,ETIHAD ENTERPRISES,Electric lamp ( bulb) and GE manufacturing by assembling only,600000,5,Working,No,HT,NO,2021
Hyderabad,Golconda,SMALL,Pvt Ltd,MIAM VALVES PRIVATE LIMITED,Reprocessing of waste plastic Including PVC,600000,5,Working,No,HT,NO,2021
Hyderabad,Golconda,SMALL,Proprietary,SREE LAXMI PLASTICS,Reprocessing of waste plastic Including PVC,250000,10,Working,No,HT,NO,2021
Hyderabad,Golconda,SMALL,Proprietary,LODHA JEWELLERS,Fountain pen manufacturing by assembling only,500000,10,Working,No,HT,NO,2021
Hyderabad,Golconda,SMALL,Pvt Ltd,LEPO INDIA PRIVATE LIMITED,"Carpentry & wooden furniture manufacturing (excluding saw mill) with the help of electrical (motorized) machines such as electrical wood planner, steel saw cutting circular blade, etc",300000,3,Working,No,HT,NO,2021
Hyderabad,Golconda,SMALL,Proprietary,Maheshwari Metal Industry,Compact disc computer floppy and cassette manufacturing / Reel manufacturing,650000,10,Working,No,HT,NO,2021
Hyderabad,Golconda,SMALL,Proprietary,DRAGAN PAPER PRODUCTS,Printing or etching of glass sheet usinghydrofluoric acid,350000,5,Working,No,HT,NO,2021
Hyderabad,Golconda,MEDIUM,Proprietary,AKS PACKAGING,Digital printing on PVC clothes,400000,6,Working,No,HT,NO,2021
Hyderabad,Golconda,SMALL,Proprietary,SUNIL ENTERPRISES,"Dry coal processing, mineral processing, industries involving ore sintering, pelletisating, Grinding and Pulverisation",300000,8,Working,No,HT,NO,2021
Hyderabad,Golconda,MEDIUM,Proprietary,SIA PUBLISHERS & DISTRIBUTORS PRIVATE LIMITED,"Pulp & Paper ( Large-Agro + wood) , Small Pulp &Paper ( agro based-wheatstraw/rice husk)",700000,10,Working,No,HT,NO,2021
Hyderabad,Golconda,SMALL,Proprietary,DAIVIKAM INDUSTRIES,Glass putty and sealant ( by mixing with machine only),400000,8,Working,No,HT,NO,2021
Hyderabad,Golconda,SMALL,Proprietary,SARAN JUTE BAGS,Ice cream,200000,3,Working,No,HT,NO,2021
Hyderabad,Golconda,SMALL,Partnership,SHRI SHAKTHI GANAPATHI ENTERPRISES,Pulverization of bamboo and scrap wood,500000,5,Working,No,HT,NO,2021
Hyderabad,Golconda,SMALL,Proprietary,M/S.HAFIZUL GOLD WORK SHOP,Coffee seed processing,200000,5,Working,No,HT,NO,2021
Hyderabad,Golconda,SMALL,Pvt Ltd,Truelyser Biosystems Private Limited,Ply-board manufacturing (includingVeneer and laminate) with oil firedboiler/ thermlc fluid heater(withoutresin plant),500000,5,Working,No,HT,NO,2021
Hyderabad,Golconda,SMALL,Proprietary,New Famous Boxers Manufacturers,Leather foot wear and leather products (excluding tanning and hide processing except cottage scale),500000,10,Working,No,HT,NO,2021
Hyderabad,Golconda,MICRO,Partnership,Chandrashekar Furniture Works,"Silk screen printing, sari printing by wooden blocks",500000,6,Working,No,HT,NO,2021
Hyderabad,Golconda,SMALL,Pvt Ltd,NAVBHARAT SEEDS PRIVATE LIMITED,Thermal Power Plants,350000,3,Working,No,HT,NO,2021
Hyderabad,Golconda,LARGE,Proprietary,VAIBHAV ENTERPRISES,Dismantling of rolling stocks ( wagons/coaches),700000,10,Working,No,HT,NO,2021
Hyderabad,Golconda,SMALL,Proprietary,MM ENTERPRISES,Fertilizer (granulation/ formulation/ Blending only),250000,5,Working,No,HT,NO,2021
Hyderabad,Golconda,SMALL,Proprietary,AMIN JEWELLERY ART,"Modular wooden furniture from particle board, MDF< swan timber etc, Ceiling tiles/ partition board from saw dust, wood chips etc., and other agricultural waste using synthetic adhesive resin, wooden box making ( With boiler)",500000,10,Working,No,HT,NO,2021
Hyderabad,Golconda,SMALL,Proprietary,INTELLISENCE ENTERPRISES,Power looms (without dye and bleaching),500000,6,Working,No,HT,NO,2021
Hyderabad,Golconda,SMALL,Proprietary,MOHD AFSAR ENGINEERING WORKS,Electric lamp ( bulb) and GE manufacturing by assembling only,300000,5,Working,No,HT,NO,2021
Hyderabad,Golconda,MEDIUM,Proprietary,IPM BIO CONTROL LABS PVT LTD,Compact disc computer floppy and cassette manufacturing / Reel manufacturing,500000,10,Working,No,HT,NO,2021
Hyderabad,Golconda,MEDIUM,Proprietary,BLOT INDUSTRIES,"Manufacturing of tooth powder, toothpaste, talcum powder and other cosmetic items",300000,5,Working,No,HT,NO,2021
Hyderabad,Golconda,SMALL,Proprietary,TAYAL JEWELLERS,"Flyash export, transport & disposal facilities",500000,10,Working,No,HT,NO,2021
Hyderabad,Himayathnagar,SMALL,Proprietary,Amar And Sons Trading,Organic and inorganic nutrients ( by physical mixing),300000,10,Working,No,HT,NO,2021
Hyderabad,Himayathnagar,SMALL,Proprietary,RASHEED FABRICATION WORKS PRIVATE LIMITED,Pharmaceutical Formulation for R & D purpose (for sustained release/extended release of drugs only and not for commercial purpose),500000,10,Working,No,HT,NO,2021
Hyderabad,Himayathnagar,SMALL,Pvt Ltd,YOUSUFAIN FURNITURE & TIMBER,"Modular wooden furniture from particle board, MDF< swan timber etc, Ceiling tiles/ partition board from saw dust, wood chips etc., and other agricultural waste using synthetic adhesive resin, wooden box making ( With boiler)",600000,5,Working,No,HT,NO,2021
Hyderabad,Himayathnagar,SMALL,Partnership,EARTHICA,"Cement products (without using asbestos / boiler / steam curing) like pipe ,pillar, jafri, well ring, block/tiles etc.(should be done in closed covered shed to control fugitive emissions)",500000,10,Working,No,HT,NO,2021
Hyderabad,Himayathnagar,MEDIUM,Proprietary,SAFA SOCIETY,Coke briquetting ( sun drying),400000,10,Working,No,HT,NO,2021
Hyderabad,Himayathnagar,SMALL,Proprietary,TAMOGHNA FOODS & BEVERAGES PRIVATE LIMITED,"Fermentation Industry including water polluting manufacture of yeast, beer, distillation of alcohol (Extra Neutral Alcohol)",500000,5,Working,No,HT,NO,2021
Hyderabad,Himayathnagar,SMALL,Proprietary,MALIK JEWELLERS,Airports and Commercial AirStrips,500000,5,Working,No,HT,NO,2021
Hyderabad,Himayathnagar,SMALL,Proprietary,OSSV SECURE PRINT PVT LTD,Polythene and plastic processed products manufacturing(Virgin Plastic),200000,5,Working,No,HT,NO,2021
Hyderabad,Himayathnagar,SMALL,Proprietary,N A ENGINEERING WORKS,Fly ash bricks/ block manufacturing,500000,10,Working,No,HT,NO,2021
Hyderabad,Himayathnagar,SMALL,Proprietary,INDIAN ENTERPRISES,Diesel pump repairing and servicing ( complete mechanical dry process),500000,5,Working,No,HT,NO,2021
Hyderabad,Himayathnagar,SMALL,Proprietary,TWIN PUMPS,Flakes from rejected PET bottle,500000,10,Working,No,HT,NO,2021
Hyderabad,Himayathnagar,SMALL,Proprietary,SRI SHYAM TEXTILES,Dry Cell Battery (excluding manufacturing of electrodes) and assembling & Changing of acid lead battery on micro scale,500000,8,Working,No,HT,NO,2021
Hyderabad,Himayathnagar,SMALL,Proprietary,VASAVI PAPER PRODUCTS,Electric lamp ( bulb) and GE manufacturing by assembling only,700000,10,Working,No,HT,NO,2021
Hyderabad,Himayathnagar,SMALL,Proprietary,DOLFIN EXCLUSIVE DESIGNER FOOTWEAR,Leather foot wear and leather products (excluding tanning and hide processing except cottage scale),500000,10,Working,No,HT,NO,2021
Hyderabad,Himayathnagar,SMALL,Proprietary,PRATIBHA INDUSTRIES LTD,Industry or process involving'metal surface treatment orprocess such as pickling/electroplating/paint stripping/heat treatment using cyanidebath/ phosphating or finishingand anodizing / enamellings/galvanizing,500000,15,Working,No,HT,NO,2021
Hyderabad,Himayathnagar,LARGE,Proprietary,SALASAR HYGIENE SOLUTIONS,"Isolated storage of hazardouschemicals (as per schedule of manufacturing, storage ofhazardous chemicals rules ;1989as amended)",200000,6,Working,No,HT,NO,2021
Hyderabad,Himayathnagar,SMALL,Pvt Ltd,RHIZZ MOTORS PRIVATE LIMITED,Decoration of ceramic cups and plates by electric furnace,350000,5,Working,No,HT,NO,2021
Hyderabad,Himayathnagar,MEDIUM,Proprietary,VARUN POWER CONNECTORS,DG Set of capacity > 5 MVA,150000,5,Working,No,HT,NO,2021
Hyderabad,Himayathnagar,SMALL,Proprietary,S AGRI FOODS,Food and food processing including fruits and vegetable processing,250000,5,Working,No,HT,NO,2021
Hyderabad,Himayathnagar,SMALL,Pvt Ltd,JAYALAKSHMI ENTERPRISES,Dairy and dairy products ( small scale),350000,6,Working,No,HT,NO,2021
Hyderabad,Himayathnagar,MEDIUM,Proprietary,ICORE MINERALS AND GRANITE COMPANY,Stone crushers,500000,10,Working,No,HT,NO,2021
Hyderabad,Himayathnagar,MEDIUM,Proprietary,D P PRODUCTS,"Cement products (without using asbestos / boiler / steam curing) like pipe ,pillar, jafri, well ring, block/tiles etc.(should be done in closed covered shed to control fugitive emissions)",800000,10,Working,No,HT,NO,2021
Hyderabad,Himayathnagar,SMALL,Proprietary,EDGEFX TECHNOLOGIES PRIVATE LIMITED,Automobile Manufacturing(integrated facilities),300000,2,Working,No,HT,NO,2021
Hyderabad,Himayathnagar,SMALL,Proprietary,MANIKANDAN KUMARVEL,Insulation and other coated papers (excluding paper or pipe manufacturing),700000,10,Working,No,HT,NO,2021
Hyderabad,Himayathnagar,SMALL,Proprietary,Y. Roshni,Cotton spinning an. weaving (small scale),700000,8,Working,No,HT,NO,2021
Hyderabad,Himayathnagar,SMALL,Proprietary,SIMCRETE INDIA PRIVATE LIMITED,Industrial estates / parks/complexes / areas / export processing zones/ SEZs / Biotech parks/ leather complex,250000,3,Working,No,HT,NO,2021
Hyderabad,Himayathnagar,SMALL,Proprietary,VISION GRANITES,Fibre glass production andprocessing (excluding moulding),200000,2,Working,No,HT,NO,2021
Hyderabad,Hyderabad,SMALL,Proprietary,RAJDHANI INDUSTRIES,"Industries engaged in recycling/reprocessing/ recovery/ reuse of Hazardous Waste under schedule iv of HW( M, H& TBM) rules, 2008 - Items namely - Brass Dross,Copper Dross,Copper Oxide Mill Scale,Copper Reverts, Cake & Residues, Waste Copper and copper alloys in dispersible form, Slags from copper processing for further processing or refining, Insulated Copper Wire Scrap/copper with PVC sheathing including ISRI-code material namely ""Druid"" Jelly filled Copper cables ""Zinc Dross-Hot dip GalvanizersSLAB, Zinc Dross-Bottom Dross, Zinc ash/Skimming arising from galvanizing and die casting operations, Zinc ash/Skimming/ other zinc bearing wastes arising from smelting and refining, Zinc ash and residues including zinc alloy residues in dispersible from,",700000,5,Working,No,HT,NO,2021
Hyderabad,Hyderabad,SMALL,Proprietary,has industries,Industry or process involving'metal surface treatment orprocess such as pickling/electroplating/paint stripping/heat treatment using cyanidebath/ phosphating or finishingand anodizing / enamellings/galvanizing,500000,5,Working,No,HT,NO,2021
Hyderabad,Hyderabad,SMALL,Pvt Ltd,Pakeezah Paan,"Chilling plant, cold storage and ice making",200000,3,Working,No,HT,NO,2021
Hyderabad,Hyderabad,SMALL,Pvt Ltd,SRI PRIYA PLASTICS,Reprocessing of waste plastic Including PVC,500000,4,Working,No,HT,NO,2021
Hyderabad,Hyderabad,SMALL,Pvt Ltd,KIDS FUNFOODS INDIA PRIVATE LIMTED,Cashew nut processing,200000,3,Working,No,HT,NO,2021
Hyderabad,Hyderabad,SMALL,Proprietary,ALLWIN FOOD PRODUCTS,Food and food processing including fruits and vegetable processing,350000,5,Working,No,HT,NO,2021
Hyderabad,Hyderabad,SMALL,Pvt Ltd,INDUS HAIR EXTENSIONS,Cotton spinning and weaving (medium and large scale),200000,3,Working,No,HT,NO,2021
Hyderabad,Hyderabad,SMALL,Proprietary,MUSADDILAL & SONS,Pulverization of bamboo and scrap wood,150000,5,Working,No,HT,NO,2021
Hyderabad,Hyderabad,SMALL,Pvt Ltd,SSR MINERALS INDIA PRIVATE LIMITED,Mineral stack yard / Railway sidings,300000,10,Working,No,HT,NO,2021
Hyderabad,Hyderabad,SMALL,Proprietary,DEEKSHA ENTERPRISE,Rubber goods industry (with gas operated baby boiler),150000,2,Working,No,HT,NO,2021
Hyderabad,Hyderabad,SMALL,Proprietary,AL RAHMA ICE CREAM PARLOUR AND BAKERY,Bakery and confectionery units with production capacity> 1 TPD. ( Withovens / furnaces),500000,3,Working,No,HT,NO,2021
Hyderabad,Hyderabad,SMALL,Proprietary,"WADIA FOCUS, FUTURE FURNITURE","Carpentry & wooden furniture manufacturing (excluding saw mill) with the help of electrical (motorized) machines such as electrical wood planner, steel saw cutting circular blade, etc",500000,10,Working,No,HT,NO,2021
Hyderabad,Hyderabad,SMALL,Pvt Ltd,VAISHNAVI INDUSTRIES,Electrical and electronic item assembling ( completely dry process),320000,2,Working,No,HT,NO,2021
Hyderabad,Hyderabad,SMALL,Pvt Ltd,SARCO LABORATORIES,Emery powder ( fine dust of sand) manufacturing,250000,3,Working,No,HT,NO,2021
Hyderabad,Hyderabad,SMALL,Proprietary,AMARDEEP PACKAGING,Packing of powdered mill,250000,10,Working,No,HT,NO,2021
Hyderabad,Hyderabad,SMALL,Proprietary,SOMESHWARA ENGINEERING WORKS,Fly ash bricks/ block manufacturing,300000,4,Working,No,HT,NO,2021
Hyderabad,Hyderabad,SMALL,Proprietary,RELIANCE NOTE BOOK MANUFACTURERS,"Pulp & Paper ( Large-Agro + wood) , Small Pulp &Paper ( agro based-wheatstraw/rice husk)",350000,5,Working,No,HT,NO,2021
Hyderabad,Hyderabad,SMALL,Pvt Ltd,IRFAN GARMENTS,Power generation plant [exceptWind and Solar renewablepower plants of all capacities and Mini Hyde! power plant of capacity >25MW[,250000,2,Working,No,HT,NO,2021
Hyderabad,Hyderabad,MEDIUM,Proprietary,M/S FAWN PACKAGING,"Cement products (without using asbestos / boiler / steam curing) like pipe ,pillar, jafri, well ring, block/tiles etc.(should be done in closed covered shed to control fugitive emissions)",500000,6,Working,No,HT,NO,2021
Hyderabad,Hyderabad,SMALL,Proprietary,UNIQUE BHARAT BAKER,Bakery /confectionery /sweets products (with production capacity less than 1 tpd (with gas or electrical oven),300000,4,Working,No,HT,NO,2021
Hyderabad,Hyderabad,SMALL,Pvt Ltd,ELITE PRODUCTS,Ayurvedic and homeopathic medicine,400000,5,Working,No,HT,NO,2021
Hyderabad,Hyderabad,SMALL,Proprietary,M/S KRISHNA FOOD PRODUCTS,Dairy and dairy products ( small scale),150000,3,Working,No,HT,NO,2021
Hyderabad,Hyderabad,SMALL,Proprietary,M/S.RAMA EXCAVATOR,Power generation plant [exceptWind and Solar renewablepower plants of all capacities and Mini Hyde! power plant of capacity >25MW[,300000,3,Working,No,HT,NO,2021
Hyderabad,Hyderabad,SMALL,Pvt Ltd,formulation,Pharmaceuticals,10,8,Closed,No,LT,NO,2021
Hyderabad,Hyderabad,SMALL,Pvt Ltd,HIMA POWER,Thermal Power Plants,400000,5,Working,No,HT,NO,2021
Hyderabad,Hyderabad,MEDIUM,Partnership,INDIAN TENT MAKERS,Coated electrode manufacturing,800000,5,Working,No,HT,NO,2021
Hyderabad,Hyderabad,SMALL,Pvt Ltd,PANWAR BROTHERS,Automobile Manufacturing(integrated facilities),400000,3,Working,No,HT,NO,2021
Hyderabad,Hyderabad,SMALL,Pvt Ltd,R.R.APPARELS,Bailing (hydraulic press)of waste papers,300000,3,Working,No,HT,NO,2021
Hyderabad,Hyderabad,SMALL,Pvt Ltd,ANAND JEWELLERS,"Gravure printing, digital printing on flex, vinyl",300000,3,Working,No,HT,NO,2021
Hyderabad,Hyderabad,SMALL,Proprietary,SRI VENKATESHWARA TEXTILES,Cotton spinning an. weaving (small scale),300000,4,Working,No,HT,NO,2021
Hyderabad,Hyderabad,SMALL,Proprietary,SRI LAKSHMI ENGINEER AND FABRICATION,Engineering and fabrication units (dry process without any heat treatment / metal surface finishing operations / painting),200000,3,Working,No,HT,NO,2021
Hyderabad,Hyderabad,SMALL,Pvt Ltd,KANNU MARK BEEDI FACTORY,Tobacco products including cigarettes and tobacco/ opium processes,500000,5,Working,No,HT,NO,2021
Hyderabad,Hyderabad,SMALL,Proprietary,ASHOK ENGG.WORKS,Synthetic rubber excluding molding,200000,5,Working,No,HT,NO,2021
Hyderabad,Hyderabad,SMALL,Proprietary,SHIVRAJ LAXMICHAND JAIN JEWELLERS,Ceramics and Refractories,300000,9,Working,No,HT,NO,2021
Hyderabad,Hyderabad,SMALL,Proprietary,VIETA PLUS FOODS & BEVERAGES PRIVATE LIMITED,Biscuits trays etc from rolled PVC sheet (using automatic vacuum forming machines),200000,3,Working,No,HT,NO,2021
Hyderabad,Hyderabad,SMALL,Proprietary,MICROWAVES & ELECTRONIC SYSTEMS,Transformer repairing/ manufacturing( dry process only),200000,6,Working,No,HT,NO,2021
Hyderabad,Hyderabad,SMALL,Proprietary,GAYATRI PRODUCTS,Manufacturing of iodized salt fromcrude/ raw salt,600000,6,Working,No,HT,NO,2021
Hyderabad,Hyderabad,SMALL,Proprietary,Keerthi's Printing Services,"Gravure printing, digital printing on flex, vinyl",200000,3,Working,No,HT,NO,2021
Hyderabad,Hyderabad,SMALL,Proprietary,SWATHI SRI FOODS,Coffee seed processing,200000,3,Working,No,HT,NO,2021
Hyderabad,Hyderabad,SMALL,Proprietary,COMPU POWER PVT LTD,Electric lamp ( bulb) and GE manufacturing by assembling only,500000,5,Working,No,HT,NO,2021
Hyderabad,Hyderabad,SMALL,Pvt Ltd,SRI ANNAPURNA BHOJANASALA,Bakery /confectionery /sweets products (with production capacity less than 1 tpd (with gas or electrical oven),200000,3,Working,No,HT,NO,2021
Hyderabad,Hyderabad,SMALL,Proprietary,MUBARAK FURNITURE,Manufacturing of mirror from sheet glass,600000,5,Working,No,HT,NO,2021
Hyderabad,Hyderabad,SMALL,Proprietary,KUNDAN CRAFT PRIVATE LTD,"Ferrous and Non- ferrous metal extraction involving different furnaces through melting, refining, re-processing, casting and alloy-making",450000,5,Working,No,HT,NO,2021
Hyderabad,Hyderabad,SMALL,Proprietary,KALYANI PRODUCTS,Food and food processing including fruits and vegetable processing,400000,4,Working,No,HT,NO,2021
Hyderabad,Hyderabad,SMALL,Proprietary,ADONIKA JEWELLERS,Power generation plant [exceptWind and Solar renewablepower plants of all capacities and Mini Hyde! power plant of capacity <25MW[,300000,6,Working,No,HT,NO,2021
Hyderabad,Hyderabad,SMALL,Pvt Ltd,HIGENE BIOTECH PRIVATE LIMITED,Bio fertilizer and bio-pesticides without using inorganic chemicals,300000,4,Working,No,HT,NO,2021
Hyderabad,Hyderabad,SMALL,Proprietary,KARNI GREEN BUILDING PRODUCTS PRIVATE LIMITED,"Building & Construction Projects more than 20,000 Sq.mtrs built-up area having discharge more than 100 KLD",500000,6,Working,No,HT,NO,2021
Hyderabad,Hyderabad,SMALL,Proprietary,SRINIVAS DEEWAN,"Cutting, sizing and polishing of marble stone",300000,3,Working,No,HT,NO,2021
Hyderabad,Hyderabad,SMALL,Pvt Ltd,SHARADA ENGINEERING ENTERPRISES,"Assembly of bicycles ,baby carriages and other small non motorizing vehicles",500000,5,Working,No,HT,NO,2021
Hyderabad,Hyderabad,SMALL,Proprietary,BHARAT ICE INDUSTRIES,Bakery /confectionery /sweets products (with production capacity less than 1 tpd (with gas or electrical oven),400000,6,Working,No,HT,NO,2021
Hyderabad,Hyderabad,SMALL,Pvt Ltd,WIIZ ENTERPRISES,Food and food processing including fruits and vegetable processing,300000,3,Working,No,HT,NO,2021
Hyderabad,Khairatabad,SMALL,Proprietary,JYOTHI FILE INDUSTRIES,Rubber goods industry (with gas operated baby boiler),500000,8,Working,No,HT,NO,2021
Hyderabad,Khairatabad,SMALL,Proprietary,SYNAPTICS PHARMACEUTICALS PRIVATE LIMITED,Assembling of Acid lead battery (upto 10 batteries per day excluding lead plate casting),250000,10,Working,No,HT,NO,2021
Hyderabad,Khairatabad,SMALL,Proprietary,SEA COOL REFRIGERATION ENGINEERING WORKS,"Solar power generation through solar photovoltaic cell, wind power and mini hydel power (less than 25 MW)",500000,6,Working,No,HT,NO,2021
Hyderabad,Khairatabad,SMALL,Proprietary,OMSAI CONSTRUCTIONS,Ready mix cement concrete,300000,4,Working,No,HT,NO,2021
Hyderabad,Khairatabad,SMALL,Proprietary,DPSP,Pulp & Paper ( waste paper based without bleaching process tomanufacture Kraft paper),520000,5,Working,No,HT,NO,2021
Hyderabad,Khairatabad,SMALL,Proprietary,SUCHITHRA SYSTUM,Cotton and woolen hosiers making ( Dry process only without any dying / washing operation),500000,5,Working,No,HT,NO,2021
Hyderabad,Khairatabad,SMALL,Proprietary,AKSON RESTAURANT,Chanachur and ladoo from puffed and beaten rice( murl and shira) using husk fired oven,300000,5,Working,No,HT,NO,2021
Hyderabad,Khairatabad,SMALL,Pvt Ltd,DIABETOMICS MEDICAL PRIVATE LIMITED,Ayurvedic and homeopathic medicines (without boiler),300000,6,Working,No,HT,NO,2021
Hyderabad,Khairatabad,SMALL,Proprietary,PLASTOPACK,Packing of powdered mill,400000,10,Working,No,HT,NO,2021
Hyderabad,Khairatabad,SMALL,Proprietary,DESIGNED DOORS,"Modular wooden furniture from particle board, MDF< swan timber etc, Ceiling tiles/ partition board from saw dust, wood chips etc., and other agricultural waste using synthetic adhesive resin, wooden box making ( With boiler)",500000,8,Working,No,HT,NO,2021
Hyderabad,Khairatabad,MEDIUM,Proprietary,DAIRY ICE CREAM & FROZEN FOODS PVT LTD,Dairy and dairy products ( small scale),500000,10,Working,No,HT,NO,2021
Hyderabad,Khairatabad,SMALL,Pvt Ltd,PRAG DISTILLERY PVT LIMITED,Distillery ( molasses / grain /yeast based),450000,5,Working,No,HT,NO,2021
Hyderabad,Khairatabad,SMALL,Proprietary,KISHORESONS DETERGENTS PVT LTD,Leather cutting and stitching (more than 10 machine and using motor),900000,10,Working,No,HT,NO,2021
Hyderabad,Khairatabad,SMALL,Pvt Ltd,THINK GREY ADS PRIVATE LIMITED,Thermal Power Plants,300000,4,Working,No,HT,NO,2021
Hyderabad,Khairatabad,SMALL,Proprietary,DEEPA JEWELLERS PRIVATE LIMITED,"Gravure printing, digital printing on flex, vinyl",500000,5,Working,No,HT,NO,2021
Hyderabad,Musheerabad,SMALL,Proprietary,MAJMUN TECHNOLOGIES PRIVATE LIMITED,"Glass , ceramic, earthen potteries, tile and tile manufacturing using electrical kiln or not Involving fossil fuel kiln",500000,5,Working,No,HT,NO,2021
Hyderabad,Musheerabad,SMALL,Proprietary,SRI DURGA GRAPHICS,Power generation plant [exceptWind and Solar renewablepower plants of all capacities and Mini Hyde! power plant of capacity <25MW[,100000,2,Working,No,HT,NO,2021
Hyderabad,Musheerabad,SMALL,Pvt Ltd,DIVYA AGRO ROLLER FLOUR MILLS PVT LTD,"Chilling plant, cold storage and ice making",350000,5,Working,No,HT,NO,2021
Hyderabad,Musheerabad,SMALL,Proprietary,SRI GANESH HANDLOOM AND TEXTILES,Cotton spinning an. weaving (small scale),300000,4,Working,No,HT,NO,2021
Hyderabad,Musheerabad,SMALL,Proprietary,SKY READYMADE GARMENTS,"Assembly of air coolers /conditioners ,repairing and servicing",500000,10,Working,No,HT,NO,2021
Hyderabad,Musheerabad,SMALL,Proprietary,SHUBHAM ENTERPRISES,Printing press,150000,4,Working,No,HT,NO,2021
Hyderabad,Musheerabad,SMALL,Proprietary,Super Bed Works,"Gravure printing, digital printing on flex, vinyl",500000,10,Working,No,HT,NO,2021
Hyderabad,Musheerabad,SMALL,Pvt Ltd,M/S VARDHMAN INDUSTRIES,"Building and construction project more than 20,000 sq. m built up area",500000,4,Working,No,HT,NO,2021
Hyderabad,Musheerabad,SMALL,Proprietary,PRATAP POULTRY EQUIPMENTS,Engineering and fabrication units (dry process without any heat treatment / metal surface finishing operations / painting),700000,5,Working,No,HT,NO,2021
Hyderabad,Musheerabad,SMALL,Proprietary,ROYAL MART,Mechanized laundry using oil firedboiler,500000,8,Working,No,HT,NO,2021
Hyderabad,Musheerabad,SMALL,Proprietary,LORVEN INDUSTRIES,Bio fertilizer and bio-pesticides without using inorganic chemicals,600000,9,Working,No,HT,NO,2021
Hyderabad,Nampally,SMALL,Pvt Ltd,ATAMOS NANOTECH PRIVATE LIMITED,Reprocessing of waste cotton,300000,3,Working,No,HT,NO,2021
Hyderabad,Nampally,SMALL,Proprietary,AJAY METAL WORKS,Chalk making from plaster of Paris ( only casting without boilers etc. ( sun drying / electrical oven),300000,8,Working,No,HT,NO,2021
Hyderabad,Nampally,MEDIUM,Pvt Ltd,HYDERABAD METAL PRODUCTS,"Carpentry & wooden furniture manufacturing (excluding saw mill) with the help of electrical (motorized) machines such as electrical wood planner, steel saw cutting circular blade, etc",300000,5,Working,No,HT,NO,2021
Hyderabad,Nampally,SMALL,Proprietary,RAITECH COMMUNICATIONS & EQUIPMENTS,Packing materials manufacturing from non asbestos fibre vegetable fibre yarn,700000,5,Working,No,HT,NO,2021
Hyderabad,Nampally,SMALL,Partnership,AUS AUTOMOTIVE LABORATORIES,Airports and Commercial AirStrips,500000,10,Working,No,HT,NO,2021
Hyderabad,Nampally,MEDIUM,Pvt Ltd,SASIDHAR INDUSTRIES,Thermal Power Plants,700000,6,Working,No,HT,NO,2021
Hyderabad,Nampally,SMALL,Proprietary,AL YAMEEN FROZEN FOODS,Bakery /confectionery /sweets products (with production capacity less than 1 tpd (with gas or electrical oven),300000,4,Working,No,HT,NO,2021
Hyderabad,Nampally,MEDIUM,Pvt Ltd,KRISHNA HARDWARE SOLUTION PRIVATE LIMITED,"Ports and harbour, jetties anddredging operations",150000,6,Working,No,HT,NO,2021
Hyderabad,Nampally,SMALL,Pvt Ltd,KMG METALS,Polythene and plastic processed products manufacturing(Virgin Plastic),300000,3,Working,No,HT,NO,2021
Hyderabad,Saidabad,SMALL,Proprietary,MARVEL BUILDING PRODUCTS,Heavy engineering including Ship Building (with investment on Plant & Machineries more than Rs. 10 crores),500000,6,Working,No,HT,NO,2021
Hyderabad,Saidabad,SMALL,Proprietary,SRI ANNAPURNA KUNDAN CRAFT,"Dry coal processing, mineral processing, industries involving ore sintering, pelletisating, Grinding and Pulverisation",500000,6,Working,No,HT,NO,2021
Hyderabad,Saidabad,SMALL,Proprietary,PRAKRITI,"Flyash export, transport & disposal facilities",500000,5,Working,No,HT,NO,2021
Hyderabad,Secunderabad,SMALL,Proprietary,SREE MARUTHI REFRIGERATION,Reel manufacturing,300000,3,Working,No,HT,NO,2021
Hyderabad,Secunderabad,SMALL,Proprietary,YOUNG ENGINEERING,"Chilling plant, cold storage and ice making",400000,5,Working,No,HT,NO,2021
Hyderabad,Secunderabad,SMALL,Pvt Ltd,PANCHAVATI POLYFIBRES LIMITED,Basic chemicals and electrochemicals and its derivativesincluding manufacturing of acid,300000,3,Working,No,HT,NO,2021
Hyderabad,Secunderabad,SMALL,Pvt Ltd,ROYALE PAPER PRODUCTS,Pulp & Paper ( waste paper based without bleaching process tomanufacture Kraft paper),250000,3,Working,No,HT,NO,2021
Hyderabad,Secunderabad,SMALL,Pvt Ltd,SRI REVOOS HEAT ENGINEERS,Reprocessing of waste plastic Including PVC,320000,4,Working,No,HT,NO,2021
Hyderabad,Secunderabad,SMALL,Pvt Ltd,PRUDENT AUTOMATION PRIVATE LIMITED,Emery powder ( fine dust of sand) manufacturing,300000,4,Working,No,HT,NO,2021
Hyderabad,Secunderabad,SMALL,Proprietary,KAPILA BREEDERS AND HATCHERIES PVT LTD.,Basic chemicals and electrochemicals and its derivativesincluding manufacturing of acid,300000,4,Working,No,HT,NO,2021
Hyderabad,Secunderabad,SMALL,Proprietary,SRI DEEPTHI FOILS LTD,Oil mill ghani & extraction ( no hydrogenation / refining),250000,3,Working,No,HT,NO,2021
Hyderabad,Secunderabad,SMALL,Proprietary,SAMARTH PLASTICS,Polythene and plastic processed products manufacturing(Virgin Plastic),300000,4,Working,No,HT,NO,2021
Hyderabad,Secunderabad,SMALL,Pvt Ltd,MEERA FIBRETEK PRIVATE LIMITED,Bio fertilizer and bio-pesticides without using inorganic chemicals,250000,3,Working,No,HT,NO,2021
Hyderabad,Secunderabad,SMALL,Proprietary,A J ENGINEERING MECHANICAL WORKS,Engineering and fabrication units (dry process without any heat treatment / metal surface finishing operations / painting),350000,3,Working,No,HT,NO,2021
Hyderabad,Secunderabad,SMALL,Proprietary,krishna tiffins,Parboiled Rice Mills,200000,3,Working,No,HT,NO,2021
Hyderabad,Secunderabad,SMALL,Proprietary,DECCAN CHRONICLE HOLDINGS LIMITED,Building and Construction projects with waste water more than 100 KLD,350000,3,Working,No,HT,NO,2021
Hyderabad,Secunderabad,SMALL,Proprietary,KGN WELDING WORKS,Manufacturing of mirror from sheet glass,200000,5,Working,No,HT,NO,2021
Hyderabad,Secunderabad,MEDIUM,Proprietary,RENUKA ENTERPRISES,Engineering and fabrication units (dry process without any heat treatment / metal surface finishing operations / painting),50,12,Working,No,LT,NO,2021
Hyderabad,Secunderabad,SMALL,Pvt Ltd,SHIV SHANKER PAPER PLATES,Bailing (hydraulic press)of waste papers,300000,3,Working,No,HT,NO,2021
Hyderabad,Secunderabad,MEDIUM,Pvt Ltd,ALISTOFLEX INDUSTRIAL SOLUTIONS PRIVATE LIMITED,Dry Cell Battery (excluding manufacturing of electrodes) and assembling & Changing of acid lead battery on micro scale,600000,5,Working,No,HT,NO,2021
Hyderabad,Secunderabad,SMALL,Pvt Ltd,N S DIGITAL FLEXO,Digital printing on PVC clothes,200000,2,Working,No,HT,NO,2021
Hyderabad,Secunderabad,SMALL,Pvt Ltd,DM ENTERPRISES,"Cement products (without using asbestos / boiler / steam curing) like pipe ,pillar, jafri, well ring, block/tiles etc.(should be done in closed covered shed to control fugitive emissions)",300000,4,Working,No,HT,NO,2021
Hyderabad,Secunderabad,SMALL,Pvt Ltd,ANAND JEWELLERS,Power looms (without dye and bleaching),400000,2,Working,No,HT,NO,2021
Hyderabad,Shaikpet,SMALL,Pvt Ltd,WIIZ ENTERPRISES,Food and food processing including fruits and vegetable processing,300000,3,Working,No,HT,NO,2021
Hyderabad,Shaikpet,SMALL,Proprietary,SSGN INFOTECH LLP,Excavation of Sand from the river bed (excluding manual excavation),400000,8,Working,No,HT,NO,2021
Jagtial,Pegadapalle,SMALL,Proprietary,SLIPPERY WEN WET,"Glass ceramics, earthen potteries and fired kilns, coating on glasses usingcerium fluorides and magnesiumfluoride etc",230000,3,Working,No,HT,NO,2021
Karimnagar,Shankarapatnam,MICRO,Partnership,M/S Sri venkateshwara modern rice mill,Parboiled Rice Mills,125,17,Working,No,HT,YES,2021
Mahabubabad,Nellikudur,MICRO,Proprietary,VASANTHALAXMI POULTRY FARM,"Poultry, Hatchery and Piggery",10,8,Working,No,LT,NO,2021
Sangareddy,Jinnaram,SMALL,Partnership,BHARAT BOARDS INDUSTRIES,Ply-board manufacturing (includingVeneer and laminate) with oil firedboiler/ thermlc fluid heater(withoutresin plant),500,12,Working,No,HT,NO,2021
Warangal Rural,Damera,MICRO,Proprietary,SRI VENKATESHWARA CEMENT BRICKS,Fly ash bricks/ block manufacturing,9,4,Working,No,LT,NO,2021
Warangal Rural,Duggondi,MICRO,Proprietary,M/S. RAJU AND MOUNIKA MINI FLYASH BRICK UNIT,Fly ash bricks/ block manufacturing,5,6,Working,No,LT,NO,2021
Warangal Rural,Geesugonda,MICRO,Proprietary,MANIKANTA CHEMICAL BRICKS,Fly ash bricks/ block manufacturing,6,4,Working,No,HT,NO,2021
Warangal Rural,Geesugonda,MICRO,Proprietary,CHANDANA FLY ASH BRICKS,Fly ash bricks/ block manufacturing,6,4,Working,No,LT,NO,2021
