district,mandal,industry_category,type_of_industry,unit_name,line_of_activity,investment,employement,present_status,export,type_of_connection,ie_or_not,district_name,mandal_name,employment,presentstatus,typeofindustry,typeofconnection
Hyderabad,Amberpet,Small,Proprietary,Durga Printers,Cardboard Or Corrugated Box And Paper Products (Excluding Paper Or Pulp Manufacturing And Without Using Boilers),200000.0,3.0,Active,No,Ht,NO,,,0.0,,,
Hyderabad,Amberpet,Small,Pvt Ltd,Lodh Visual Aids,"Gravure Printing, Digital Printing On Flex, Vinyl",350000.0,5.0,Active,No,Ht,NO,,,0.0,,,
Hyderabad,Amberpet,Medium,Proprietary,Vital Thearapeutics Pvt Ltd,Tyres And Tubes Vulcanization/ Hot Retreating,300000.0,3.0,Active,No,Ht,NO,,,0.0,,,
Hyderabad,Amberpet,Small,Proprietary,A.N.S. Febs And Engineering Works,Fish Processing And Packing (Excluding Chilling Of Fishes),200000.0,2.0,Active,No,Ht,NO,,,0.0,,,
Hyderabad,Amberpet,Small,Pvt Ltd,Young India Cane Craft,"Cement Products (Without Using Asbestos / Boiler / Steam Curing) Like Pipe ,Pillar, Jafri, Well Ring, Block/Tiles Etc.(Should Be Done In Closed Covered Shed To Control Fugitive Emissions)",200000.0,2.0,Active,No,Ht,NO,,,0.0,,,
Hyderabad,Amberpet,Small,Pvt Ltd,Supreme Engg Works,Repairing Of Electric Motors And Generators ( Dry Mechanical Process),400000.0,4.0,Active,No,Ht,NO,,,0.0,,,
Hyderabad,Amberpet,Small,Pvt Ltd,Hitech Pharmaceuticals Private Limited,Power Generation Plant [Exceptwind And Solar Renewablepower Plants Of All Capacities And Mini Hyde! Power Plant Of Capacity >25Mw[,250000.0,3.0,Active,No,Ht,NO,,,0.0,,,
Hyderabad,Amberpet,Small,Proprietary,Internal Decorates,"Coke Making, Liquefaction, Coal Tar Distillation Or Fuel Gas Making",350000.0,3.0,Active,No,Ht,NO,,,0.0,,,
Hyderabad,Amberpet,Small,Pvt Ltd,Pragathi Steel Furniture,"Modular Wooden Furniture From Particle Board, Mdf< Swan Timber Etc, Ceiling Tiles/ Partition Board From Saw Dust, Wood Chips Etc., And Other Agricultural Waste Using Synthetic Adhesive Resin, Wooden Box Making ( With Boiler)",250000.0,3.0,Active,No,Ht,NO,,,0.0,,,
Hyderabad,Amberpet,Small,Pvt Ltd,Arihant Plastics & Packings,Tyres And Tubes Vulcanization/ Hot Retreating,300000.0,4.0,Active,No,Ht,NO,,,0.0,,,
Hyderabad,Amberpet,Small,Pvt Ltd,Shruthikesh Industries,"Building And Construction Project More Than 20,000 Sq. M Built Up Area",250000.0,3.0,Active,No,Ht,NO,,,0.0,,,
Hyderabad,Amberpet,Small,Proprietary,A.K. Leathers,Leather Cutting And Stitching (More Than 10 Machine And Using Motor),200000.0,3.0,Active,No,Ht,NO,,,0.0,,,
Hyderabad,Amberpet,Small,Proprietary,Naskon Soft Solutions Pvt Ltd,Packing Materials Manufacturing From Non Asbestos Fibre Vegetable Fibre Yarn,350000.0,4.0,Active,No,Ht,NO,,,0.0,,,
Hyderabad,Amberpet,Small,Pvt Ltd,Om Safety Products,Compact Disc Computer Floppy And Cassette Manufacturing / Reel Manufacturing,250000.0,3.0,Active,No,Ht,NO,,,0.0,,,
Hyderabad,Amberpet,Small,Proprietary,Madhuri Udita Suction Lifters,Printing Or Etching Of Glass Sheet Usinghydrofluoric Acid,220000.0,3.0,Active,No,Ht,NO,,,0.0,,,
Hyderabad,Amberpet,Small,Proprietary,Meenakshi Jewellers,Engineering And Fabrication Units (Dry Process Without Any Heat Treatment / Metal Surface Finishing Operations / Painting),300000.0,3.0,Active,No,Ht,NO,,,0.0,,,
Hyderabad,Amberpet,Small,Pvt Ltd,Fab Enterprises,Cotton Spinning And Weaving (Medium And Large Scale),300000.0,3.0,Active,No,Ht,NO,,,0.0,,,
Hyderabad,Amberpet,Small,Pvt Ltd,D M A Fabricators,"Solar Power Generation Through Solar Photovoltaic Cell, Wind Power And Mini Hydel Power (Less Than 25 Mw)",300000.0,5.0,Active,No,Ht,NO,,,0.0,,,
Hyderabad,Ameerpet,Small,Pvt Ltd,Dpsp,Electric Lamp ( Bulb) And Ge Manufacturing By Assembling Only,300000.0,3.0,Active,No,Ht,NO,,,0.0,,,
Hyderabad,Ameerpet,Small,Pvt Ltd,Sun Shine Engineering Works,Asbestos And Asbestos Basedindustries,300000.0,4.0,Active,No,Ht,NO,,,0.0,,,
Hyderabad,Ameerpet,Small,Proprietary,Neo Solar Chemicals Interprises,"Chlorine, Fluorine, Bromine,Iodine And Their Compounds",250000.0,4.0,Active,No,Ht,NO,,,0.0,,,
Hyderabad,Ameerpet,Small,Llp,Sri Laxmi Sanitary & Hardware,Airports And Commercial Airstrips,300000.0,3.0,Active,No,Ht,NO,,,0.0,,,
Hyderabad,Ameerpet,Small,Pvt Ltd,Om Safety Products,Coated Electrode Manufacturing,260000.0,3.0,Active,No,Ht,NO,,,0.0,,,
Hyderabad,Ameerpet,Small,Proprietary,Trishika Enterprises,Food And Food Processing Including Fruits And Vegetable Processing,350000.0,3.0,Active,No,Ht,NO,,,0.0,,,
Hyderabad,Ameerpet,Medium,Proprietary,Gulf Furniture,Leather Cutting And Stitching (More Than 10 Machine And Using Motor),500000.0,6.0,Active,No,Ht,NO,,,0.0,,,
Hyderabad,Ameerpet,Small,Pvt Ltd,Print Arts Corporation,Electrical And Electronic Item Assembling ( Completely Dry Process),200000.0,3.0,Active,No,Ht,NO,,,0.0,,,
Hyderabad,Ameerpet,Small,Pvt Ltd,M.Senor Industries Private Limited,Industrial Estates / Parks/Complexes / Areas / Export Processing Zones/ Sezs / Biotech Parks/ Leather Complex,350000.0,4.0,Active,No,Ht,NO,,,0.0,,,
Hyderabad,Ameerpet,Small,Pvt Ltd,Crescent Engineering Works,"Cement Products (Without Using Asbestos / Boiler / Steam Curing) Like Pipe ,Pillar, Jafri, Well Ring, Block/Tiles Etc.(Should Be Done In Closed Covered Shed To Control Fugitive Emissions)",350000.0,4.0,Active,No,Ht,NO,,,0.0,,,
Hyderabad,Ameerpet,Small,Proprietary,Nv Industries,Electric Lamp ( Bulb) And Ge Manufacturing By Assembling Only,300000.0,5.0,Active,No,Ht,NO,,,0.0,,,
Hyderabad,Ameerpet,Small,Pvt Ltd,Shafiya Enterprises,Milk Processes And Dairyproducts(Integrated Project),250000.0,3.0,Active,No,Ht,NO,,,0.0,,,
Hyderabad,Ameerpet,Small,Pvt Ltd,Rees Medi Life Private Limited,"Yarn / Textile Processinginvolving Any Effluent/Emission Generating Processes Includingbleaching, Dyeing, Printing Andcolouring",350000.0,4.0,Active,No,Ht,NO,,,0.0,,,
Hyderabad,Ameerpet,Small,Pvt Ltd,Lippia Private Limited,Rubber Goods Industry (With Gas Operated Baby Boiler),300000.0,4.0,Active,No,Ht,NO,,,0.0,,,
Hyderabad,Ameerpet,Small,Pvt Ltd,Sree Lakshmi Plastiics,Cotton Spinning And Weaving (Medium And Large Scale),20000.0,3.0,Active,No,Ht,NO,,,0.0,,,
Hyderabad,Ameerpet,Small,Proprietary,Chandra Marketing,Brickfields ( Excluding Fly Ash Brick Manufacturing Using Lime Process),200000.0,5.0,Active,No,Ht,NO,,,0.0,,,
Hyderabad,Ameerpet,Small,Proprietary,Metro Agarbatti Company,Pharmaceutical Formulation For R & D Purpose (For Sustained Release/Extended Release Of Drugs Only And Not For Commercial Purpose),150000.0,2.0,Active,No,Ht,NO,,,0.0,,,
Hyderabad,Ameerpet,Small,Partnership,Manna Wa Salwa Foods Private Limited,Puffed Rice (Muri) (Using Gas Or Electrical Heating System),340000.0,8.0,Active,No,Ht,NO,,,0.0,,,
Hyderabad,Ameerpet,Small,Proprietary,Deccan Enterprises,Cotton And Woolen Hosiers Making ( Dry Process Only Without Any Dying / Washing Operation),400000.0,5.0,Active,No,Ht,NO,,,0.0,,,
Hyderabad,Asifnagar,Medium,Proprietary,Kvl Constructions,Brickfields ( Excluding Fly Ash Brick Manufacturing Using Lime Process),100000.0,8.0,Active,No,Ht,NO,,,0.0,,,
Hyderabad,Asifnagar,Small,Proprietary,Tas Apparels,"Isolated Storage Of Hazardouschemicals (As Per Schedule Of Manufacturing, Storage Ofhazardous Chemicals Rules ;1989As Amended)",300000.0,5.0,Active,No,Ht,NO,,,0.0,,,
Hyderabad,Asifnagar,Small,Proprietary,M K Tin Works,Fertilizer (Basic) (Excludingformulation),350000.0,5.0,Active,No,Ht,NO,,,0.0,,,
Hyderabad,Asifnagar,Small,Proprietary,Blue Sea Snacks & Foods,Biscuits Trays Etc From Rolled Pvc Sheet (Using Automatic Vacuum Forming Machines),120000.0,5.0,Active,No,Ht,NO,,,0.0,,,
Hyderabad,Asifnagar,Small,Proprietary,Sbms Industries,"Industries Engaged In Recycling/Reprocessing/ Recovery/ Reuse Of Hazardous Waste Under Schedule Iv Of Hw( M, H& Tbm) Rules, 2008 - Items Namely - Brass Dross,Copper Dross,Copper Oxide Mill Scale,Copper Reverts, Cake & Residues, Waste Copper And Copper Alloys In Dispersible Form, Slags From Copper Processing For Further Processing Or Refining, Insulated Copper Wire Scrap/Copper With Pvc Sheathing Including Isri-Code Material Namely ""Druid"" Jelly Filled Copper Cables ""Zinc Dross-Hot Dip Galvanizersslab, Zinc Dross-Bottom Dross, Zinc Ash/Skimming Arising From Galvanizing And Die Casting Operations, Zinc Ash/Skimming/ Other Zinc Bearing Wastes Arising From Smelting And Refining, Zinc Ash And Residues Including Zinc Alloy Residues In Dispersible From,",250000.0,10.0,Active,No,Ht,NO,,,0.0,,,
Hyderabad,Asifnagar,Medium,Proprietary,Sunder Bookbinding Works,Printing Or Etching Of Glass Sheet Usinghydrofluoric Acid,600000.0,3.0,Active,No,Ht,NO,,,0.0,,,
Hyderabad,Asifnagar,Small,Proprietary,Deccan Handicrafts,"Silk Screen Printing, Sari Printing By Wooden Blocks",300000.0,5.0,Active,No,Ht,NO,,,0.0,,,
Hyderabad,Asifnagar,Small,Pvt Ltd,Caxton Offset Private Limited,Fountain Pen Manufacturing By Assembling Only,300000.0,5.0,Active,No,Ht,NO,,,0.0,,,
Hyderabad,Asifnagar,Small,Proprietary,Santosh Herbal Cosmetics,Cotton And Woolen Hosiers Making ( Dry Process Only Without Any Dying / Washing Operation),500000.0,6.0,Active,No,Ht,NO,,,0.0,,,
Hyderabad,Asifnagar,Medium,Partnership,Kohinoor Packaging Industries,"Dry Coal Processing, Mineral Processing, Industries Involving Ore Sintering, Pelletisating, Grinding And Pulverisation",500000.0,10.0,Active,No,Ht,NO,,,0.0,,,
Hyderabad,Bahadurpura,Small,Proprietary,M/S A B S Laboratories,Thermal Power Plants,600000.0,6.0,Active,No,Ht,NO,,,0.0,,,
Hyderabad,Bahadurpura,Small,Proprietary,M/S Agrawal Plastic Industries,Reprocessing Of Waste Plastic Including Pvc,500000.0,5.0,Active,No,Ht,NO,,,0.0,,,
Hyderabad,Bahadurpura,Small,Proprietary,Indomine Hydraulics,"Synthetic Fibers Including Rayon ,Tyre Cord, Polyester Filamentyarn",800000.0,10.0,Active,No,Ht,NO,,,0.0,,,
Hyderabad,Bahadurpura,Small,Proprietary,Famous Mechanical & Plastic Works,"Facility Of Handling, Storage And Transportation Of Food Grains In Bulk",500000.0,10.0,Active,No,Ht,NO,,,0.0,,,
Hyderabad,Bahadurpura,Medium,Proprietary,Jeevaka Industries Pvt Ltd,Tyres And Tubes Vulcanization/ Hot Retreating,400000.0,5.0,Active,No,Ht,NO,,,0.0,,,
Hyderabad,Bahadurpura,Small,Proprietary,Royal Oven Equipments,Packing Materials Manufacturing From Non Asbestos Fibre Vegetable Fibre Yarn,300000.0,9.0,Active,No,Ht,NO,,,0.0,,,
Hyderabad,Bahadurpura,Small,Partnership,R K Interiors,"Modular Wooden Furniture From Particle Board, Mdf< Swan Timber Etc, Ceiling Tiles/ Partition Board From Saw Dust, Wood Chips Etc., And Other Agricultural Waste Using Synthetic Adhesive Resin, Wooden Box Making ( With Boiler)",500000.0,10.0,Active,No,Ht,NO,,,0.0,,,
Hyderabad,Bahadurpura,Small,Pvt Ltd,Yenugonda Apparels Private Limited,Rubber Goods Industry (With Gas Operated Baby Boiler),230000.0,2.0,Active,No,Ht,NO,,,0.0,,,
Hyderabad,Bahadurpura,Small,Proprietary,M/S. Electro Engineering Enterprises,Diesel Pump Repairing And Servicing ( Complete Mechanical Dry Process),500000.0,6.0,Active,No,Ht,NO,,,0.0,,,
Hyderabad,Bahadurpura,Small,Proprietary,Sanabil Enterprises,"Cement Products (Without Using Asbestos / Boiler / Steam Curing) Like Pipe ,Pillar, Jafri, Well Ring, Block/Tiles Etc.(Should Be Done In Closed Covered Shed To Control Fugitive Emissions)",300000.0,6.0,Active,No,Ht,NO,,,0.0,,,
Hyderabad,Bahadurpura,Small,Proprietary,Jaydev Pal Gems & Jewels,"Cutting, Sizing And Polishing Of Marble Stone",500000.0,10.0,Active,No,Ht,NO,,,0.0,,,
Hyderabad,Bahadurpura,Small,Proprietary,Sree Hari Om Packaging,Automobile Fuel Outlet (Only Dispensing),130000.0,3.0,Active,No,Ht,NO,,,0.0,,,
Hyderabad,Bahadurpura,Small,Proprietary,Bhavani Agrovet Private Limited,Automobile Manufacturing(Integrated Facilities),250000.0,8.0,Active,No,Ht,NO,,,0.0,,,
Hyderabad,Bahadurpura,Small,Proprietary,Bhawani Industries,Polythene And Plastic Processed Products Manufacturing(Virgin Plastic),500000.0,5.0,Active,No,Ht,NO,,,0.0,,,
Hyderabad,Bahadurpura,Small,Proprietary,Shree Shradha Jewellers,"Cement Products (Without Using Asbestos / Boiler / Steam Curing) Like Pipe ,Pillar, Jafri, Well Ring, Block/Tiles Etc.(Should Be Done In Closed Covered Shed To Control Fugitive Emissions)",200000.0,10.0,Active,No,Ht,NO,,,0.0,,,
Hyderabad,Bahadurpura,Medium,Proprietary,Surya Kiran Engg & Fabricators,Diesel Pump Repairing And Servicing ( Complete Mechanical Dry Process),500000.0,10.0,Active,No,Ht,NO,,,0.0,,,
Hyderabad,Bahadurpura,Small,Proprietary,Sumangalam Aluminium Extrusions P Ltd,"Chilling Plant, Cold Storage And Ice Making",500000.0,10.0,Active,No,Ht,NO,,,0.0,,,
Hyderabad,Bahadurpura,Small,Proprietary,Sofa Factory,"Modular Wooden Furniture From Particle Board, Mdf< Swan Timber Etc, Ceiling Tiles/ Partition Board From Saw Dust, Wood Chips Etc., And Other Agricultural Waste Using Synthetic Adhesive Resin, Wooden Box Making ( With Boiler)",350000.0,10.0,Active,No,Ht,NO,,,0.0,,,
Hyderabad,Bahadurpura,Small,Proprietary,Prasad Physical Laboratories,Electrical And Electronic Item Assembling ( Completely Dry Process),10.0,10.0,Active,Yes,Lt,NO,,,0.0,,,
Hyderabad,Bandlaguda,Small,Proprietary,M/S Deccan Press,Organic Manure (Manual Mixing),500000.0,5.0,Active,No,Ht,NO,,,0.0,,,
Hyderabad,Bandlaguda,Small,Proprietary,Maheshwari Metal Industry,Automobile Manufacturing(Integrated Facilities),250000.0,10.0,Active,No,Ht,NO,,,0.0,,,
Hyderabad,Bandlaguda,Small,Pvt Ltd,Prius Enterprises Private Limited,Manufacturing Of Shoe Brush And Wire Brush,250000.0,3.0,Active,No,Ht,NO,,,0.0,,,
Hyderabad,Bandlaguda,Small,Proprietary,O & S Ratna Aluminium Fabricators Pvt Ltd,Synthetic Rubber Excluding Molding,500000.0,7.0,Active,No,Ht,NO,,,0.0,,,
Hyderabad,Bandlaguda,Small,Proprietary,Nagris Herbs,Ayurvedic And Homeopathic Medicine,250000.0,5.0,Active,No,Ht,NO,,,0.0,,,
Hyderabad,Bandlaguda,Small,Pvt Ltd,Schaltech Automation Pvt Ltd,Automobile Manufacturing(Integrated Facilities),150000.0,10.0,Active,No,Ht,NO,,,0.0,,,
Hyderabad,Bandlaguda,Large,Proprietary,Mbn Ropes & Twines,Fountain Pen Manufacturing By Assembling Only,170000.0,10.0,Active,No,Ht,NO,,,0.0,,,
Hyderabad,Bandlaguda,Small,Proprietary,Premier Enterprises,Ply-Board Manufacturing (Includingveneer And Laminate) With Oil Firedboiler/ Thermlc Fluid Heater(Withoutresin Plant),350000.0,5.0,Active,No,Ht,NO,,,0.0,,,
Hyderabad,Bandlaguda,Small,Proprietary,M/S Deccan Polymers,"Cement Products (Without Using Asbestos / Boiler / Steam Curing) Like Pipe ,Pillar, Jafri, Well Ring, Block/Tiles Etc.(Should Be Done In Closed Covered Shed To Control Fugitive Emissions)",300000.0,6.0,Active,No,Ht,NO,,,0.0,,,
Hyderabad,Bandlaguda,Small,Proprietary,Pasha Tin Suppliers,Ceramic Colour Manufacturing By Mixing & Blending Only (Not Using Boiler And Wastewater Recycling Process),300000.0,6.0,Active,No,Ht,NO,,,0.0,,,
Hyderabad,Bandlaguda,Small,Proprietary,On Led Inc,Diesel Generator Sets (15 Kva To 1 Mva),500000.0,5.0,Active,No,Ht,NO,,,0.0,,,
Hyderabad,Bandlaguda,Small,Pvt Ltd,Shankar Export,Diesel Generator Sets (15 Kva To 1 Mva),400000.0,10.0,Active,No,Ht,NO,,,0.0,,,
Hyderabad,Bandlaguda,Small,Proprietary,Mint Environ Private Limited,Power Generation Plant [Exceptwind And Solar Renewablepower Plants Of All Capacities And Mini Hyde! Power Plant Of Capacity >25Mw[,500000.0,10.0,Active,No,Ht,NO,,,0.0,,,
Hyderabad,Bandlaguda,Small,Proprietary,Hss Furniture,Seasoning Of Wood In Steam Heated Chamber,500000.0,6.0,Active,No,Ht,NO,,,0.0,,,
Hyderabad,Bandlaguda,Small,Proprietary,Airfrost Engineers,"Automobile Servicing, Repairing Andpainting (Excluding Only Fuel Dispensing)",500000.0,10.0,Active,No,Ht,NO,,,0.0,,,
Hyderabad,Bandlaguda,Small,Proprietary,Gajanand Enterprises,Polythene And Plastic Processed Products Manufacturing(Virgin Plastic),400000.0,5.0,Active,No,Ht,NO,,,0.0,,,
Hyderabad,Bandlaguda,Small,Proprietary,Vista Techno Corporation,Dg Set Of Capacity > 5 Mva,800000.0,15.0,Active,No,Ht,NO,,,0.0,,,
Hyderabad,Bandlaguda,Medium,Proprietary,M/S V Square Marketing,Dal Mills,500000.0,6.0,Active,No,Ht,NO,,,0.0,,,
Hyderabad,Charminar,Small,Proprietary,Shree Meenakshi Handlooms And Textiles,Handloom/ Carpet Weaving ( Without Dying And Bleaching Operation),350000.0,4.0,Active,No,Ht,NO,,,0.0,,,
Hyderabad,Charminar,Small,Proprietary,F T Engineering Works,Aluminium & Copper Extraction From Scrap Using Oil Fired Furnace (Dry Process Only),350000.0,4.0,Active,No,Ht,NO,,,0.0,,,
Hyderabad,Charminar,Small,Proprietary,Mysore G N Agarbathi Exporters,Bailing (Hydraulic Press)Of Waste Papers,600000.0,6.0,Active,No,Ht,NO,,,0.0,,,
Hyderabad,Charminar,Small,Llp,Jai Santoshi Mata Furniture Works,"Carpentry & Wooden Furniture Manufacturing (Excluding Saw Mill) With The Help Of Electrical (Motorized) Machines Such As Electrical Wood Planner, Steel Saw Cutting Circular Blade, Etc",350000.0,4.0,Active,No,Ht,NO,,,0.0,,,
Hyderabad,Charminar,Small,Pvt Ltd,Fatima Bag House,Power Looms (Without Dye And Bleaching),300000.0,6.0,Active,No,Ht,NO,,,0.0,,,
Hyderabad,Charminar,Small,Pvt Ltd,Bharat Ice Industries,Milk Processes And Dairyproducts(Integrated Project),300000.0,4.0,Active,No,Ht,NO,,,0.0,,,
Hyderabad,Charminar,Medium,Proprietary,A K S Industries,Manufacturing Of Shoe Brush And Wire Brush,400000.0,6.0,Active,No,Ht,NO,,,0.0,,,
Hyderabad,Charminar,Small,Proprietary,Modern Furnitures,Thermal Power Plants,250000.0,8.0,Active,No,Ht,NO,,,0.0,,,
Hyderabad,Charminar,Small,Proprietary,Mansi Plastic,Flakes From Rejected Pet Bottle,300000.0,5.0,Active,No,Ht,NO,,,0.0,,,
Hyderabad,Charminar,Small,Pvt Ltd,Shekhar Enterprises,Power Generation Plant [Exceptwind And Solar Renewablepower Plants Of All Capacities And Mini Hyde! Power Plant Of Capacity <25Mw[,250000.0,4.0,Active,No,Ht,NO,,,0.0,,,
Hyderabad,Charminar,Small,Pvt Ltd,Mainstay Holding,Fly Ash Bricks/ Block Manufacturing,200000.0,2.0,Active,No,Ht,NO,,,0.0,,,
Hyderabad,Charminar,Small,Proprietary,Rajkumar Painting Works,Leather Foot Wear And Leather Products (Excluding Tanning And Hide Processing Except Cottage Scale),300000.0,5.0,Active,No,Ht,NO,,,0.0,,,
Hyderabad,Charminar,Small,Pvt Ltd,A S Engineering Works,Brass And Bell Metal Utensils Manufacturing From Circles(Dry Mechanical Operation Without Re-Rolling Facility),250000.0,3.0,Active,No,Ht,NO,,,0.0,,,
Hyderabad,Charminar,Small,Pvt Ltd,Shakti Industries,Industry Or Process Involving'Metal Surface Treatment Orprocess Such As Pickling/Electroplating/Paint Stripping/Heat Treatment Using Cyanidebath/ Phosphating Or Finishingand Anodizing / Enamellings/Galvanizing,250000.0,2.0,Active,No,Ht,NO,,,0.0,,,
Hyderabad,Charminar,Small,Proprietary,Mahalaxmi Bakery,"Solar Power Generation Through Solar Photovoltaic Cell, Wind Power And Mini Hydel Power (Less Than 25 Mw)",500000.0,5.0,Active,No,Ht,NO,,,0.0,,,
Hyderabad,Charminar,Small,Pvt Ltd,Dhanwinn Enterprises,"Cement Products (Without Using Asbestos / Boiler / Steam Curing) Like Pipe ,Pillar, Jafri, Well Ring, Block/Tiles Etc.(Should Be Done In Closed Covered Shed To Control Fugitive Emissions)",300000.0,2.0,Active,No,Ht,NO,,,0.0,,,
Hyderabad,Charminar,Small,Proprietary,Sanjana Garments,Electric Lamp ( Bulb) And Ge Manufacturing By Assembling Only,600000.0,8.0,Active,No,Ht,NO,,,0.0,,,
Hyderabad,Charminar,Small,Pvt Ltd,Vraj Enterprises,Fish Processing And Packing (Excluding Chilling Of Fishes),300000.0,4.0,Active,No,Ht,NO,,,0.0,,,
Hyderabad,Charminar,Small,Proprietary,Bhandari Steels,"Formulation/Palletization Of Camphor Tablets,Naphthalene Balls From Camphor/ Naphthalene Powders",300000.0,5.0,Active,No,Ht,NO,,,0.0,,,
Hyderabad,Charminar,Small,Proprietary,A P Met Engineering Ltd,Forging Of Ferrous And Non- Ferrous Metals ( Using Oil And Gas Fired Furnaces),400000.0,5.0,Active,No,Ht,NO,,,0.0,,,
Hyderabad,Charminar,Small,Proprietary,Sri Rama Metal Works,Flour Mills (Dry Process),200000.0,2.0,Active,No,Ht,NO,,,0.0,,,
Hyderabad,Charminar,Small,Proprietary,Print Arts Corporation,Printing Or Etching Of Glass Sheet Usinghydrofluoric Acid,300000.0,3.0,Active,No,Ht,NO,,,0.0,,,
Hyderabad,Charminar,Small,Pvt Ltd,Ganesh Marketing,Oil And Gas Transportation Pipeline,300000.0,3.0,Active,No,Ht,NO,,,0.0,,,
Hyderabad,Charminar,Small,Proprietary,S S A Vasavi Enterprises,Digital Printing On Pvc Clothes,450000.0,5.0,Active,No,Ht,NO,,,0.0,,,
Hyderabad,Charminar,Small,Pvt Ltd,Sree Maruthi Refrigeration,Power Generation Plant [Exceptwind And Solar Renewablepower Plants Of All Capacities And Mini Hyde! Power Plant Of Capacity <25Mw[,300000.0,4.0,Active,No,Ht,NO,,,0.0,,,
Hyderabad,Charminar,Small,Pvt Ltd,Machayenge,Manufacturing Of Glass,200000.0,3.0,Active,No,Ht,NO,,,0.0,,,
Hyderabad,Charminar,Small,Proprietary,Suraj Bhan And Company Jewellery,"Industries Engaged In Recycling / Reprocessing/ Recovery/Reuse Of Hazardous Waste Underschedule Iv Of Hw( M, H& Tbm) Rules, 2008 - Items Namely -Spent Cleared Metal Catalystcontaining Copper„Spent Cleared Metal Catalystcontaining Zinc„",800000.0,6.0,Active,No,Ht,NO,,,0.0,,,
Hyderabad,Charminar,Small,Pvt Ltd,Swastik Herbal Cosmetics,Reprocessing Of Waste Plastic Including Pvc,200000.0,2.0,Active,No,Ht,NO,,,0.0,,,
Hyderabad,Charminar,Small,Proprietary,H K G N Engineering Co,Aluminium & Copper Extraction From Scrap Using Oil Fired Furnace (Dry Process Only),500000.0,6.0,Active,No,Ht,NO,,,0.0,,,
Hyderabad,Charminar,Small,Pvt Ltd,Zoheb Cards & Printers,Cardboard Or Corrugated Box And Paper Products (Excluding Paper Or Pulp Manufacturing And Without Using Boilers),250000.0,3.0,Active,No,Ht,NO,,,0.0,,,
Hyderabad,Charminar,Medium,Proprietary,Kiran Enterprises,"Synthetic Fibers Including Rayon ,Tyre Cord, Polyester Filamentyarn",700000.0,15.0,Active,No,Ht,NO,,,0.0,,,
Hyderabad,Charminar,Small,Proprietary,Believe Bags Industries,Industrial Estates / Parks/Complexes / Areas / Export Processing Zones/ Sezs / Biotech Parks/ Leather Complex,200000.0,2.0,Active,No,Ht,NO,,,0.0,,,
Hyderabad,Charminar,Small,Pvt Ltd,A.N.S. Febs And Engineering Works,Electrical And Electronic Item Assembling ( Completely Dry Process),300000.0,3.0,Active,No,Ht,NO,,,0.0,,,
Hyderabad,Charminar,Small,Proprietary,Designer Furniture,Polythene And Plastic Processed Products Manufacturing(Virgin Plastic),250000.0,3.0,Active,No,Ht,NO,,,0.0,,,
Hyderabad,Charminar,Small,Proprietary,Asia Leather,Leather Foot Wear And Leather Products (Excluding Tanning And Hide Processing Except Cottage Scale),300000.0,3.0,Active,No,Ht,NO,,,0.0,,,
Hyderabad,Charminar,Small,Proprietary,K R Enterprises,Electric Lamp ( Bulb) And Ge Manufacturing By Assembling Only,700000.0,15.0,Active,No,Ht,NO,,,0.0,,,
Hyderabad,Charminar,Small,Pvt Ltd,Medhini Enterprises,Reprocessing Of Waste Plastic Including Pvc,350000.0,3.0,Active,No,Ht,NO,,,0.0,,,
Hyderabad,Charminar,Small,Proprietary,Shantineketan Garden Scapes,Paper Pins And U Clips,350000.0,6.0,Active,No,Ht,NO,,,0.0,,,
Hyderabad,Charminar,Small,Pvt Ltd,Jagdamba Enterprises,"Carpentry & Wooden Furniture Manufacturing (Excluding Saw Mill) With The Help Of Electrical (Motorized) Machines Such As Electrical Wood Planner, Steel Saw Cutting Circular Blade, Etc",300000.0,4.0,Active,No,Ht,NO,,,0.0,,,
Hyderabad,Charminar,Small,Pvt Ltd,Lippia Private Limited,Polythene And Plastic Processed Products Manufacturing(Virgin Plastic),300000.0,5.0,Active,No,Ht,NO,,,0.0,,,
Hyderabad,Charminar,Medium,Proprietary,Jai Bhawani Furniture,Leather Cutting And Stitching (More Than 10 Machine And Using Motor),600000.0,10.0,Active,No,Ht,NO,,,0.0,,,
Hyderabad,Charminar,Small,Proprietary,Bharat Dynamics Limited,Cement,200000.0,5.0,Active,No,Ht,NO,,,0.0,,,
Hyderabad,Charminar,Small,Proprietary,Komal Paper Enterprises,Printing Or Etching Of Glass Sheet Usinghydrofluoric Acid,250000.0,10.0,Active,No,Ht,NO,,,0.0,,,
Hyderabad,Charminar,Small,Pvt Ltd,Unnati Silk Prints Private Limited,Digital Printing On Pvc Clothes,250000.0,3.0,Active,No,Ht,NO,,,0.0,,,
Hyderabad,Charminar,Small,Proprietary,Krishma Solar Pvt Ltd,"Solar Power Generation Through Solar Photovoltaic Cell, Wind Power And Mini Hydel Power (Less Than 25 Mw)",500000.0,6.0,Active,No,Ht,NO,,,0.0,,,
Hyderabad,Charminar,Small,Proprietary,Aditya Mannequins,Electrical And Electronic Item Assembling ( Completely Dry Process),350000.0,5.0,Active,No,Ht,NO,,,0.0,,,
Hyderabad,Charminar,Small,Pvt Ltd,Annapurna Industries,Chanachur And Ladoo From Puffed And Beaten Rice( Murl And Shira) Using Husk Fired Oven,300000.0,5.0,Active,No,Ht,NO,,,0.0,,,
Hyderabad,Charminar,Small,Proprietary,Airavata Weaves And Textiles Private Limited,Cotton Spinning And Weaving (Medium And Large Scale),300000.0,5.0,Active,No,Ht,NO,,,0.0,,,
Hyderabad,Charminar,Medium,Proprietary,Bharat Dynamics Limited,"Cement Products (Without Using Asbestos / Boiler / Steam Curing) Like Pipe ,Pillar, Jafri, Well Ring, Block/Tiles Etc.(Should Be Done In Closed Covered Shed To Control Fugitive Emissions)",150000.0,5.0,Active,No,Ht,NO,,,0.0,,,
Hyderabad,Charminar,Small,Proprietary,R R Packaging Industries,Packing Of Powdered Mill,250000.0,10.0,Active,No,Ht,NO,,,0.0,,,
Hyderabad,Hyderabad,Small,Proprietary,Vieta Plus Foods & Beverages Private Limited,Ice Cream,300000.0,3.0,Active,No,Ht,NO,,,0.0,,,
Hyderabad,Charminar,Small,Proprietary,Dragon Noodles,Fish Processing And Packing (Excluding Chilling Of Fishes),600000.0,10.0,Active,No,Ht,NO,,,0.0,,,
Hyderabad,Charminar,Small,Proprietary,Rameshchand And Sons Jewellers,Flour Mills (Dry Process),600000.0,8.0,Active,No,Ht,NO,,,0.0,,,
Hyderabad,Charminar,Small,Proprietary,Sunrise Industries,Food And Food Processing Including Fruits And Vegetable Processing,200000.0,3.0,Active,No,Ht,NO,,,0.0,,,
Hyderabad,Charminar,Small,Llp,Rahmat Handi Crafts,Paper Pins And U Clips,300000.0,4.0,Active,No,Ht,NO,,,0.0,,,
Hyderabad,Charminar,Small,Pvt Ltd,Lianara - High Fashion Private Limited,"Glass , Ceramic, Earthen Potteries, Tile And Tile Manufacturing Using Electrical Kiln Or Not Involving Fossil Fuel Kiln",300000.0,4.0,Active,No,Ht,NO,,,0.0,,,
Hyderabad,Charminar,Small,Partnership,Zia Engineering Works,Engineering And Fabrication Units (Dry Process Without Any Heat Treatment / Metal Surface Finishing Operations / Painting),300000.0,3.0,Active,No,Ht,NO,,,0.0,,,
Hyderabad,Charminar,Small,Proprietary,Jahapanah Furniture,"Modular Wooden Furniture From Particle Board, Mdf< Swan Timber Etc, Ceiling Tiles/ Partition Board From Saw Dust, Wood Chips Etc., And Other Agricultural Waste Using Synthetic Adhesive Resin, Wooden Box Making ( With Boiler)",200000.0,5.0,Active,No,Ht,NO,,,0.0,,,
Hyderabad,Charminar,Medium,Proprietary,Nandi Polymer,"Gold And Silver Smithy (Purification With Acid, Smelting Operating And Sulfuric Acidpolishing Operation) (Using Less Than Or Equal To 1 Litre Of Sulphuric Acid / Nitric Acid Permonth.",800000.0,100.0,Active,No,Ht,NO,,,0.0,,,
Hyderabad,Charminar,Small,Pvt Ltd,B.R. Timber Panels,Ayurvedic And Homeopathic Medicine,300000.0,3.0,Active,No,Ht,NO,,,0.0,,,
Hyderabad,Charminar,Small,Pvt Ltd,Environmental And Spatial Solutions India Private,"Cement Products (Without Using Asbestos / Boiler / Steam Curing) Like Pipe ,Pillar, Jafri, Well Ring, Block/Tiles Etc.(Should Be Done In Closed Covered Shed To Control Fugitive Emissions)",250000.0,3.0,Active,No,Ht,NO,,,0.0,,,
Hyderabad,Charminar,Small,Pvt Ltd,Sv Concrete Blocks,"Cement Products (Without Using Asbestos / Boiler / Steam Curing) Like Pipe ,Pillar, Jafri, Well Ring, Block/Tiles Etc.(Should Be Done In Closed Covered Shed To Control Fugitive Emissions)",250000.0,4.0,Active,No,Ht,NO,,,0.0,,,
Hyderabad,Charminar,Small,Pvt Ltd,King Industries,Industry Or Process Involving'Metal Surface Treatment Orprocess Such As Pickling/Electroplating/Paint Stripping/Heat Treatment Using Cyanidebath/ Phosphating Or Finishingand Anodizing / Enamellings/Galvanizing,250000.0,3.0,Active,No,Ht,NO,,,0.0,,,
Hyderabad,Charminar,Small,Proprietary,Space Tech,Surgical And Medical Products Assembling Only (Not Involving Effluent / Emission Generating Processes),300000.0,4.0,Active,No,Ht,NO,,,0.0,,,
Hyderabad,Charminar,Small,Proprietary,Sainor Laboratories Pvt Ltd,Rope (Plastic And Cotton),300000.0,4.0,Active,No,Ht,NO,,,0.0,,,
Hyderabad,Charminar,Small,Proprietary,Medicube Health Care Private Limited,Printing Press,500000.0,5.0,Active,No,Ht,NO,,,0.0,,,
Hyderabad,Charminar,Small,Proprietary,M K Furniture,"Carpentry & Wooden Furniture Manufacturing (Excluding Saw Mill) With The Help Of Electrical (Motorized) Machines Such As Electrical Wood Planner, Steel Saw Cutting Circular Blade, Etc",350000.0,4.0,Active,No,Ht,NO,,,0.0,,,
Hyderabad,Charminar,Small,Proprietary,Sri Sri Rama Products,Compact Disc Computer Floppy And Cassette Manufacturing / Reel Manufacturing,250000.0,2.0,Active,No,Ht,NO,,,0.0,,,
Hyderabad,Golconda,Small,Pvt Ltd,Shri Jagadamba Enterprises,"Dry Coal Processing, Mineral Processing, Industries Involving Ore Sintering, Pelletisating, Grinding And Pulverisation",500000.0,10.0,Active,No,Ht,NO,,,0.0,,,
Hyderabad,Golconda,Small,Proprietary,Etihad Enterprises,Electric Lamp ( Bulb) And Ge Manufacturing By Assembling Only,600000.0,5.0,Active,No,Ht,NO,,,0.0,,,
Hyderabad,Golconda,Small,Pvt Ltd,Miam Valves Private Limited,Reprocessing Of Waste Plastic Including Pvc,600000.0,5.0,Active,No,Ht,NO,,,0.0,,,
Hyderabad,Golconda,Small,Proprietary,Sree Laxmi Plastics,Reprocessing Of Waste Plastic Including Pvc,250000.0,10.0,Active,No,Ht,NO,,,0.0,,,
Hyderabad,Golconda,Small,Proprietary,Lodha Jewellers,Fountain Pen Manufacturing By Assembling Only,500000.0,10.0,Active,No,Ht,NO,,,0.0,,,
Hyderabad,Golconda,Small,Pvt Ltd,Lepo India Private Limited,"Carpentry & Wooden Furniture Manufacturing (Excluding Saw Mill) With The Help Of Electrical (Motorized) Machines Such As Electrical Wood Planner, Steel Saw Cutting Circular Blade, Etc",300000.0,3.0,Active,No,Ht,NO,,,0.0,,,
Hyderabad,Golconda,Small,Proprietary,Maheshwari Metal Industry,Compact Disc Computer Floppy And Cassette Manufacturing / Reel Manufacturing,650000.0,10.0,Active,No,Ht,NO,,,0.0,,,
Hyderabad,Golconda,Small,Proprietary,Dragan Paper Products,Printing Or Etching Of Glass Sheet Usinghydrofluoric Acid,350000.0,5.0,Active,No,Ht,NO,,,0.0,,,
Hyderabad,Golconda,Medium,Proprietary,Aks Packaging,Digital Printing On Pvc Clothes,400000.0,6.0,Active,No,Ht,NO,,,0.0,,,
Hyderabad,Golconda,Small,Proprietary,Sunil Enterprises,"Dry Coal Processing, Mineral Processing, Industries Involving Ore Sintering, Pelletisating, Grinding And Pulverisation",300000.0,8.0,Active,No,Ht,NO,,,0.0,,,
Hyderabad,Golconda,Medium,Proprietary,Sia Publishers & Distributors Private Limited,"Pulp & Paper ( Large-Agro + Wood) , Small Pulp &Paper ( Agro Based-Wheatstraw/Rice Husk)",700000.0,10.0,Active,No,Ht,NO,,,0.0,,,
Hyderabad,Golconda,Small,Proprietary,Daivikam Industries,Glass Putty And Sealant ( By Mixing With Machine Only),400000.0,8.0,Active,No,Ht,NO,,,0.0,,,
Hyderabad,Golconda,Small,Proprietary,Saran Jute Bags,Ice Cream,200000.0,3.0,Active,No,Ht,NO,,,0.0,,,
Hyderabad,Golconda,Small,Partnership,Shri Shakthi Ganapathi Enterprises,Pulverization Of Bamboo And Scrap Wood,500000.0,5.0,Active,No,Ht,NO,,,0.0,,,
Hyderabad,Golconda,Small,Proprietary,M/S.Hafizul Gold Work Shop,Coffee Seed Processing,200000.0,5.0,Active,No,Ht,NO,,,0.0,,,
Hyderabad,Golconda,Small,Pvt Ltd,Truelyser Biosystems Private Limited,Ply-Board Manufacturing (Includingveneer And Laminate) With Oil Firedboiler/ Thermlc Fluid Heater(Withoutresin Plant),500000.0,5.0,Active,No,Ht,NO,,,0.0,,,
Hyderabad,Golconda,Small,Proprietary,New Famous Boxers Manufacturers,Leather Foot Wear And Leather Products (Excluding Tanning And Hide Processing Except Cottage Scale),500000.0,10.0,Active,No,Ht,NO,,,0.0,,,
Hyderabad,Golconda,Micro,Partnership,Chandrashekar Furniture Works,"Silk Screen Printing, Sari Printing By Wooden Blocks",500000.0,6.0,Active,No,Ht,NO,,,0.0,,,
Hyderabad,Golconda,Small,Pvt Ltd,Navbharat Seeds Private Limited,Thermal Power Plants,350000.0,3.0,Active,No,Ht,NO,,,0.0,,,
Hyderabad,Golconda,Large,Proprietary,Vaibhav Enterprises,Dismantling Of Rolling Stocks ( Wagons/Coaches),700000.0,10.0,Active,No,Ht,NO,,,0.0,,,
Hyderabad,Golconda,Small,Proprietary,Mm Enterprises,Fertilizer (Granulation/ Formulation/ Blending Only),250000.0,5.0,Active,No,Ht,NO,,,0.0,,,
Hyderabad,Golconda,Small,Proprietary,Amin Jewellery Art,"Modular Wooden Furniture From Particle Board, Mdf< Swan Timber Etc, Ceiling Tiles/ Partition Board From Saw Dust, Wood Chips Etc., And Other Agricultural Waste Using Synthetic Adhesive Resin, Wooden Box Making ( With Boiler)",500000.0,10.0,Active,No,Ht,NO,,,0.0,,,
Hyderabad,Golconda,Small,Proprietary,Intellisence Enterprises,Power Looms (Without Dye And Bleaching),500000.0,6.0,Active,No,Ht,NO,,,0.0,,,
Hyderabad,Golconda,Small,Proprietary,Mohd Afsar Engineering Works,Electric Lamp ( Bulb) And Ge Manufacturing By Assembling Only,300000.0,5.0,Active,No,Ht,NO,,,0.0,,,
Hyderabad,Golconda,Medium,Proprietary,Ipm Bio Control Labs Pvt Ltd,Compact Disc Computer Floppy And Cassette Manufacturing / Reel Manufacturing,500000.0,10.0,Active,No,Ht,NO,,,0.0,,,
Hyderabad,Golconda,Medium,Proprietary,Blot Industries,"Manufacturing Of Tooth Powder, Toothpaste, Talcum Powder And Other Cosmetic Items",300000.0,5.0,Active,No,Ht,NO,,,0.0,,,
Hyderabad,Golconda,Small,Proprietary,Tayal Jewellers,"Flyash Export, Transport & Disposal Facilities",500000.0,10.0,Active,No,Ht,NO,,,0.0,,,
Hyderabad,Himayathnagar,Small,Proprietary,Amar And Sons Trading,Organic And Inorganic Nutrients ( By Physical Mixing),300000.0,10.0,Active,No,Ht,NO,,,0.0,,,
Hyderabad,Himayathnagar,Small,Proprietary,Rasheed Fabrication Works Private Limited,Pharmaceutical Formulation For R & D Purpose (For Sustained Release/Extended Release Of Drugs Only And Not For Commercial Purpose),500000.0,10.0,Active,No,Ht,NO,,,0.0,,,
Hyderabad,Himayathnagar,Small,Pvt Ltd,Yousufain Furniture & Timber,"Modular Wooden Furniture From Particle Board, Mdf< Swan Timber Etc, Ceiling Tiles/ Partition Board From Saw Dust, Wood Chips Etc., And Other Agricultural Waste Using Synthetic Adhesive Resin, Wooden Box Making ( With Boiler)",600000.0,5.0,Active,No,Ht,NO,,,0.0,,,
Hyderabad,Himayathnagar,Small,Partnership,Earthica,"Cement Products (Without Using Asbestos / Boiler / Steam Curing) Like Pipe ,Pillar, Jafri, Well Ring, Block/Tiles Etc.(Should Be Done In Closed Covered Shed To Control Fugitive Emissions)",500000.0,10.0,Active,No,Ht,NO,,,0.0,,,
Hyderabad,Himayathnagar,Medium,Proprietary,Safa Society,Coke Briquetting ( Sun Drying),400000.0,10.0,Active,No,Ht,NO,,,0.0,,,
Hyderabad,Himayathnagar,Small,Proprietary,Tamoghna Foods & Beverages Private Limited,"Fermentation Industry Including Water Polluting Manufacture Of Yeast, Beer, Distillation Of Alcohol (Extra Neutral Alcohol)",500000.0,5.0,Active,No,Ht,NO,,,0.0,,,
Hyderabad,Himayathnagar,Small,Proprietary,Malik Jewellers,Airports And Commercial Airstrips,500000.0,5.0,Active,No,Ht,NO,,,0.0,,,
Hyderabad,Himayathnagar,Small,Proprietary,Ossv Secure Print Pvt Ltd,Polythene And Plastic Processed Products Manufacturing(Virgin Plastic),200000.0,5.0,Active,No,Ht,NO,,,0.0,,,
Hyderabad,Himayathnagar,Small,Proprietary,N A Engineering Works,Fly Ash Bricks/ Block Manufacturing,500000.0,10.0,Active,No,Ht,NO,,,0.0,,,
Hyderabad,Himayathnagar,Small,Proprietary,Indian Enterprises,Diesel Pump Repairing And Servicing ( Complete Mechanical Dry Process),500000.0,5.0,Active,No,Ht,NO,,,0.0,,,
Hyderabad,Himayathnagar,Small,Proprietary,Twin Pumps,Flakes From Rejected Pet Bottle,500000.0,10.0,Active,No,Ht,NO,,,0.0,,,
Hyderabad,Himayathnagar,Small,Proprietary,Sri Shyam Textiles,Dry Cell Battery (Excluding Manufacturing Of Electrodes) And Assembling & Changing Of Acid Lead Battery On Micro Scale,500000.0,8.0,Active,No,Ht,NO,,,0.0,,,
Hyderabad,Himayathnagar,Small,Proprietary,Vasavi Paper Products,Electric Lamp ( Bulb) And Ge Manufacturing By Assembling Only,700000.0,10.0,Active,No,Ht,NO,,,0.0,,,
Hyderabad,Himayathnagar,Small,Proprietary,Dolfin Exclusive Designer Footwear,Leather Foot Wear And Leather Products (Excluding Tanning And Hide Processing Except Cottage Scale),500000.0,10.0,Active,No,Ht,NO,,,0.0,,,
Hyderabad,Himayathnagar,Small,Proprietary,Pratibha Industries Ltd,Industry Or Process Involving'Metal Surface Treatment Orprocess Such As Pickling/Electroplating/Paint Stripping/Heat Treatment Using Cyanidebath/ Phosphating Or Finishingand Anodizing / Enamellings/Galvanizing,500000.0,15.0,Active,No,Ht,NO,,,0.0,,,
Hyderabad,Himayathnagar,Large,Proprietary,Salasar Hygiene Solutions,"Isolated Storage Of Hazardouschemicals (As Per Schedule Of Manufacturing, Storage Ofhazardous Chemicals Rules ;1989As Amended)",200000.0,6.0,Active,No,Ht,NO,,,0.0,,,
Hyderabad,Himayathnagar,Small,Pvt Ltd,Rhizz Motors Private Limited,Decoration Of Ceramic Cups And Plates By Electric Furnace,350000.0,5.0,Active,No,Ht,NO,,,0.0,,,
Hyderabad,Himayathnagar,Medium,Proprietary,Varun Power Connectors,Dg Set Of Capacity > 5 Mva,150000.0,5.0,Active,No,Ht,NO,,,0.0,,,
Hyderabad,Himayathnagar,Small,Proprietary,S Agri Foods,Food And Food Processing Including Fruits And Vegetable Processing,250000.0,5.0,Active,No,Ht,NO,,,0.0,,,
Hyderabad,Himayathnagar,Small,Pvt Ltd,Jayalakshmi Enterprises,Dairy And Dairy Products ( Small Scale),350000.0,6.0,Active,No,Ht,NO,,,0.0,,,
Hyderabad,Himayathnagar,Medium,Proprietary,Icore Minerals And Granite Company,Stone Crushers,500000.0,10.0,Active,No,Ht,NO,,,0.0,,,
Hyderabad,Himayathnagar,Medium,Proprietary,D P Products,"Cement Products (Without Using Asbestos / Boiler / Steam Curing) Like Pipe ,Pillar, Jafri, Well Ring, Block/Tiles Etc.(Should Be Done In Closed Covered Shed To Control Fugitive Emissions)",800000.0,10.0,Active,No,Ht,NO,,,0.0,,,
Hyderabad,Himayathnagar,Small,Proprietary,Edgefx Technologies Private Limited,Automobile Manufacturing(Integrated Facilities),300000.0,2.0,Active,No,Ht,NO,,,0.0,,,
Hyderabad,Himayathnagar,Small,Proprietary,Manikandan Kumarvel,Insulation And Other Coated Papers (Excluding Paper Or Pipe Manufacturing),700000.0,10.0,Active,No,Ht,NO,,,0.0,,,
Hyderabad,Himayathnagar,Small,Proprietary,Y. Roshni,Cotton Spinning An. Weaving (Small Scale),700000.0,8.0,Active,No,Ht,NO,,,0.0,,,
Hyderabad,Himayathnagar,Small,Proprietary,Simcrete India Private Limited,Industrial Estates / Parks/Complexes / Areas / Export Processing Zones/ Sezs / Biotech Parks/ Leather Complex,250000.0,3.0,Active,No,Ht,NO,,,0.0,,,
Hyderabad,Himayathnagar,Small,Proprietary,Vision Granites,Fibre Glass Production Andprocessing (Excluding Moulding),200000.0,2.0,Active,No,Ht,NO,,,0.0,,,
Hyderabad,Hyderabad,Small,Proprietary,Rajdhani Industries,"Industries Engaged In Recycling/Reprocessing/ Recovery/ Reuse Of Hazardous Waste Under Schedule Iv Of Hw( M, H& Tbm) Rules, 2008 - Items Namely - Brass Dross,Copper Dross,Copper Oxide Mill Scale,Copper Reverts, Cake & Residues, Waste Copper And Copper Alloys In Dispersible Form, Slags From Copper Processing For Further Processing Or Refining, Insulated Copper Wire Scrap/Copper With Pvc Sheathing Including Isri-Code Material Namely ""Druid"" Jelly Filled Copper Cables ""Zinc Dross-Hot Dip Galvanizersslab, Zinc Dross-Bottom Dross, Zinc Ash/Skimming Arising From Galvanizing And Die Casting Operations, Zinc Ash/Skimming/ Other Zinc Bearing Wastes Arising From Smelting And Refining, Zinc Ash And Residues Including Zinc Alloy Residues In Dispersible From,",700000.0,5.0,Active,No,Ht,NO,,,0.0,,,
Hyderabad,Hyderabad,Small,Proprietary,Has Industries,Industry Or Process Involving'Metal Surface Treatment Orprocess Such As Pickling/Electroplating/Paint Stripping/Heat Treatment Using Cyanidebath/ Phosphating Or Finishingand Anodizing / Enamellings/Galvanizing,500000.0,5.0,Active,No,Ht,NO,,,0.0,,,
Hyderabad,Hyderabad,Small,Pvt Ltd,Pakeezah Paan,"Chilling Plant, Cold Storage And Ice Making",200000.0,3.0,Active,No,Ht,NO,,,0.0,,,
Hyderabad,Hyderabad,Small,Pvt Ltd,Sri Priya Plastics,Reprocessing Of Waste Plastic Including Pvc,500000.0,4.0,Active,No,Ht,NO,,,0.0,,,
Hyderabad,Hyderabad,Small,Pvt Ltd,Kids Funfoods India Private Limted,Cashew Nut Processing,200000.0,3.0,Active,No,Ht,NO,,,0.0,,,
Hyderabad,Hyderabad,Small,Proprietary,Allwin Food Products,Food And Food Processing Including Fruits And Vegetable Processing,350000.0,5.0,Active,No,Ht,NO,,,0.0,,,
Hyderabad,Hyderabad,Small,Pvt Ltd,Indus Hair Extensions,Cotton Spinning And Weaving (Medium And Large Scale),200000.0,3.0,Active,No,Ht,NO,,,0.0,,,
Hyderabad,Hyderabad,Small,Proprietary,Musaddilal & Sons,Pulverization Of Bamboo And Scrap Wood,150000.0,5.0,Active,No,Ht,NO,,,0.0,,,
Hyderabad,Hyderabad,Small,Pvt Ltd,Ssr Minerals India Private Limited,Mineral Stack Yard / Railway Sidings,300000.0,10.0,Active,No,Ht,NO,,,0.0,,,
Hyderabad,Hyderabad,Small,Proprietary,Deeksha Enterprise,Rubber Goods Industry (With Gas Operated Baby Boiler),150000.0,2.0,Active,No,Ht,NO,,,0.0,,,
Hyderabad,Hyderabad,Small,Proprietary,Al Rahma Ice Cream Parlour And Bakery,Bakery And Confectionery Units With Production Capacity> 1 Tpd. ( Withovens / Furnaces),500000.0,3.0,Active,No,Ht,NO,,,0.0,,,
Hyderabad,Hyderabad,Small,Proprietary,"Wadia Focus, Future Furniture","Carpentry & Wooden Furniture Manufacturing (Excluding Saw Mill) With The Help Of Electrical (Motorized) Machines Such As Electrical Wood Planner, Steel Saw Cutting Circular Blade, Etc",500000.0,10.0,Active,No,Ht,NO,,,0.0,,,
Hyderabad,Hyderabad,Small,Pvt Ltd,Vaishnavi Industries,Electrical And Electronic Item Assembling ( Completely Dry Process),320000.0,2.0,Active,No,Ht,NO,,,0.0,,,
Hyderabad,Hyderabad,Small,Pvt Ltd,Sarco Laboratories,Emery Powder ( Fine Dust Of Sand) Manufacturing,250000.0,3.0,Active,No,Ht,NO,,,0.0,,,
Hyderabad,Hyderabad,Small,Proprietary,Amardeep Packaging,Packing Of Powdered Mill,250000.0,10.0,Active,No,Ht,NO,,,0.0,,,
Hyderabad,Hyderabad,Small,Proprietary,Someshwara Engineering Works,Fly Ash Bricks/ Block Manufacturing,300000.0,4.0,Active,No,Ht,NO,,,0.0,,,
Hyderabad,Hyderabad,Small,Proprietary,Reliance Note Book Manufacturers,"Pulp & Paper ( Large-Agro + Wood) , Small Pulp &Paper ( Agro Based-Wheatstraw/Rice Husk)",350000.0,5.0,Active,No,Ht,NO,,,0.0,,,
Hyderabad,Hyderabad,Small,Pvt Ltd,Irfan Garments,Power Generation Plant [Exceptwind And Solar Renewablepower Plants Of All Capacities And Mini Hyde! Power Plant Of Capacity >25Mw[,250000.0,2.0,Active,No,Ht,NO,,,0.0,,,
Hyderabad,Hyderabad,Medium,Proprietary,M/S Fawn Packaging,"Cement Products (Without Using Asbestos / Boiler / Steam Curing) Like Pipe ,Pillar, Jafri, Well Ring, Block/Tiles Etc.(Should Be Done In Closed Covered Shed To Control Fugitive Emissions)",500000.0,6.0,Active,No,Ht,NO,,,0.0,,,
Hyderabad,Hyderabad,Small,Proprietary,Unique Bharat Baker,Bakery /Confectionery /Sweets Products (With Production Capacity Less Than 1 Tpd (With Gas Or Electrical Oven),300000.0,4.0,Active,No,Ht,NO,,,0.0,,,
Hyderabad,Hyderabad,Small,Pvt Ltd,Elite Products,Ayurvedic And Homeopathic Medicine,400000.0,5.0,Active,No,Ht,NO,,,0.0,,,
Hyderabad,Hyderabad,Small,Proprietary,M/S Krishna Food Products,Dairy And Dairy Products ( Small Scale),150000.0,3.0,Active,No,Ht,NO,,,0.0,,,
Hyderabad,Hyderabad,Small,Proprietary,M/S.Rama Excavator,Power Generation Plant [Exceptwind And Solar Renewablepower Plants Of All Capacities And Mini Hyde! Power Plant Of Capacity >25Mw[,300000.0,3.0,Active,No,Ht,NO,,,0.0,,,
Hyderabad,Hyderabad,Small,Pvt Ltd,Formulation,Pharmaceuticals,10.0,8.0,Inactive,No,Lt,NO,,,0.0,,,
Hyderabad,Hyderabad,Small,Pvt Ltd,Hima Power,Thermal Power Plants,400000.0,5.0,Active,No,Ht,NO,,,0.0,,,
Hyderabad,Hyderabad,Medium,Partnership,Indian Tent Makers,Coated Electrode Manufacturing,800000.0,5.0,Active,No,Ht,NO,,,0.0,,,
Hyderabad,Hyderabad,Small,Pvt Ltd,Panwar Brothers,Automobile Manufacturing(Integrated Facilities),400000.0,3.0,Active,No,Ht,NO,,,0.0,,,
Hyderabad,Hyderabad,Small,Pvt Ltd,R.R.Apparels,Bailing (Hydraulic Press)Of Waste Papers,300000.0,3.0,Active,No,Ht,NO,,,0.0,,,
Hyderabad,Hyderabad,Small,Pvt Ltd,Anand Jewellers,"Gravure Printing, Digital Printing On Flex, Vinyl",300000.0,3.0,Active,No,Ht,NO,,,0.0,,,
Hyderabad,Hyderabad,Small,Proprietary,Sri Venkateshwara Textiles,Cotton Spinning An. Weaving (Small Scale),300000.0,4.0,Active,No,Ht,NO,,,0.0,,,
Hyderabad,Hyderabad,Small,Proprietary,Sri Lakshmi Engineer And Fabrication,Engineering And Fabrication Units (Dry Process Without Any Heat Treatment / Metal Surface Finishing Operations / Painting),200000.0,3.0,Active,No,Ht,NO,,,0.0,,,
Hyderabad,Hyderabad,Small,Pvt Ltd,Kannu Mark Beedi Factory,Tobacco Products Including Cigarettes And Tobacco/ Opium Processes,500000.0,5.0,Active,No,Ht,NO,,,0.0,,,
Hyderabad,Hyderabad,Small,Proprietary,Ashok Engg.Works,Synthetic Rubber Excluding Molding,200000.0,5.0,Active,No,Ht,NO,,,0.0,,,
Hyderabad,Hyderabad,Small,Proprietary,Shivraj Laxmichand Jain Jewellers,Ceramics And Refractories,300000.0,9.0,Active,No,Ht,NO,,,0.0,,,
Hyderabad,Hyderabad,Small,Proprietary,Vieta Plus Foods & Beverages Private Limited,Biscuits Trays Etc From Rolled Pvc Sheet (Using Automatic Vacuum Forming Machines),200000.0,3.0,Active,No,Ht,NO,,,0.0,,,
Hyderabad,Hyderabad,Small,Proprietary,Microwaves & Electronic Systems,Transformer Repairing/ Manufacturing( Dry Process Only),200000.0,6.0,Active,No,Ht,NO,,,0.0,,,
Hyderabad,Hyderabad,Small,Proprietary,Gayatri Products,Manufacturing Of Iodized Salt Fromcrude/ Raw Salt,600000.0,6.0,Active,No,Ht,NO,,,0.0,,,
Hyderabad,Hyderabad,Small,Proprietary,Keerthi'S Printing Services,"Gravure Printing, Digital Printing On Flex, Vinyl",200000.0,3.0,Active,No,Ht,NO,,,0.0,,,
Hyderabad,Hyderabad,Small,Proprietary,Swathi Sri Foods,Coffee Seed Processing,200000.0,3.0,Active,No,Ht,NO,,,0.0,,,
Hyderabad,Hyderabad,Small,Proprietary,Compu Power Pvt Ltd,Electric Lamp ( Bulb) And Ge Manufacturing By Assembling Only,500000.0,5.0,Active,No,Ht,NO,,,0.0,,,
Hyderabad,Hyderabad,Small,Pvt Ltd,Sri Annapurna Bhojanasala,Bakery /Confectionery /Sweets Products (With Production Capacity Less Than 1 Tpd (With Gas Or Electrical Oven),200000.0,3.0,Active,No,Ht,NO,,,0.0,,,
Hyderabad,Hyderabad,Small,Proprietary,Mubarak Furniture,Manufacturing Of Mirror From Sheet Glass,600000.0,5.0,Active,No,Ht,NO,,,0.0,,,
Hyderabad,Hyderabad,Small,Proprietary,Kundan Craft Private Ltd,"Ferrous And Non- Ferrous Metal Extraction Involving Different Furnaces Through Melting, Refining, Re-Processing, Casting And Alloy-Making",450000.0,5.0,Active,No,Ht,NO,,,0.0,,,
Hyderabad,Hyderabad,Small,Proprietary,Kalyani Products,Food And Food Processing Including Fruits And Vegetable Processing,400000.0,4.0,Active,No,Ht,NO,,,0.0,,,
Hyderabad,Hyderabad,Small,Proprietary,Adonika Jewellers,Power Generation Plant [Exceptwind And Solar Renewablepower Plants Of All Capacities And Mini Hyde! Power Plant Of Capacity <25Mw[,300000.0,6.0,Active,No,Ht,NO,,,0.0,,,
Hyderabad,Hyderabad,Small,Pvt Ltd,Higene Biotech Private Limited,Bio Fertilizer And Bio-Pesticides Without Using Inorganic Chemicals,300000.0,4.0,Active,No,Ht,NO,,,0.0,,,
Hyderabad,Hyderabad,Small,Proprietary,Karni Green Building Products Private Limited,"Building & Construction Projects More Than 20,000 Sq.Mtrs Built-Up Area Having Discharge More Than 100 Kld",500000.0,6.0,Active,No,Ht,NO,,,0.0,,,
Hyderabad,Hyderabad,Small,Proprietary,Srinivas Deewan,"Cutting, Sizing And Polishing Of Marble Stone",300000.0,3.0,Active,No,Ht,NO,,,0.0,,,
Hyderabad,Hyderabad,Small,Pvt Ltd,Sharada Engineering Enterprises,"Assembly Of Bicycles ,Baby Carriages And Other Small Non Motorizing Vehicles",500000.0,5.0,Active,No,Ht,NO,,,0.0,,,
Hyderabad,Hyderabad,Small,Proprietary,Bharat Ice Industries,Bakery /Confectionery /Sweets Products (With Production Capacity Less Than 1 Tpd (With Gas Or Electrical Oven),400000.0,6.0,Active,No,Ht,NO,,,0.0,,,
Hyderabad,Hyderabad,Small,Pvt Ltd,Wiiz Enterprises,Food And Food Processing Including Fruits And Vegetable Processing,300000.0,3.0,Active,No,Ht,NO,,,0.0,,,
Hyderabad,Khairatabad,Small,Proprietary,Jyothi File Industries,Rubber Goods Industry (With Gas Operated Baby Boiler),500000.0,8.0,Active,No,Ht,NO,,,0.0,,,
Hyderabad,Khairatabad,Small,Proprietary,Synaptics Pharmaceuticals Private Limited,Assembling Of Acid Lead Battery (Upto 10 Batteries Per Day Excluding Lead Plate Casting),250000.0,10.0,Active,No,Ht,NO,,,0.0,,,
Hyderabad,Khairatabad,Small,Proprietary,Sea Cool Refrigeration Engineering Works,"Solar Power Generation Through Solar Photovoltaic Cell, Wind Power And Mini Hydel Power (Less Than 25 Mw)",500000.0,6.0,Active,No,Ht,NO,,,0.0,,,
Hyderabad,Khairatabad,Small,Proprietary,Omsai Constructions,Ready Mix Cement Concrete,300000.0,4.0,Active,No,Ht,NO,,,0.0,,,
Hyderabad,Khairatabad,Small,Proprietary,Dpsp,Pulp & Paper ( Waste Paper Based Without Bleaching Process Tomanufacture Kraft Paper),520000.0,5.0,Active,No,Ht,NO,,,0.0,,,
Hyderabad,Khairatabad,Small,Proprietary,Suchithra Systum,Cotton And Woolen Hosiers Making ( Dry Process Only Without Any Dying / Washing Operation),500000.0,5.0,Active,No,Ht,NO,,,0.0,,,
Hyderabad,Khairatabad,Small,Proprietary,Akson Restaurant,Chanachur And Ladoo From Puffed And Beaten Rice( Murl And Shira) Using Husk Fired Oven,300000.0,5.0,Active,No,Ht,NO,,,0.0,,,
Hyderabad,Khairatabad,Small,Pvt Ltd,Diabetomics Medical Private Limited,Ayurvedic And Homeopathic Medicines (Without Boiler),300000.0,6.0,Active,No,Ht,NO,,,0.0,,,
Hyderabad,Khairatabad,Small,Proprietary,Plastopack,Packing Of Powdered Mill,400000.0,10.0,Active,No,Ht,NO,,,0.0,,,
Hyderabad,Khairatabad,Small,Proprietary,Designed Doors,"Modular Wooden Furniture From Particle Board, Mdf< Swan Timber Etc, Ceiling Tiles/ Partition Board From Saw Dust, Wood Chips Etc., And Other Agricultural Waste Using Synthetic Adhesive Resin, Wooden Box Making ( With Boiler)",500000.0,8.0,Active,No,Ht,NO,,,0.0,,,
Hyderabad,Khairatabad,Medium,Proprietary,Dairy Ice Cream & Frozen Foods Pvt Ltd,Dairy And Dairy Products ( Small Scale),500000.0,10.0,Active,No,Ht,NO,,,0.0,,,
Hyderabad,Khairatabad,Small,Pvt Ltd,Prag Distillery Pvt Limited,Distillery ( Molasses / Grain /Yeast Based),450000.0,5.0,Active,No,Ht,NO,,,0.0,,,
Hyderabad,Khairatabad,Small,Proprietary,Kishoresons Detergents Pvt Ltd,Leather Cutting And Stitching (More Than 10 Machine And Using Motor),900000.0,10.0,Active,No,Ht,NO,,,0.0,,,
Hyderabad,Khairatabad,Small,Pvt Ltd,Think Grey Ads Private Limited,Thermal Power Plants,300000.0,4.0,Active,No,Ht,NO,,,0.0,,,
Hyderabad,Khairatabad,Small,Proprietary,Deepa Jewellers Private Limited,"Gravure Printing, Digital Printing On Flex, Vinyl",500000.0,5.0,Active,No,Ht,NO,,,0.0,,,
Hyderabad,Musheerabad,Small,Proprietary,Majmun Technologies Private Limited,"Glass , Ceramic, Earthen Potteries, Tile And Tile Manufacturing Using Electrical Kiln Or Not Involving Fossil Fuel Kiln",500000.0,5.0,Active,No,Ht,NO,,,0.0,,,
Hyderabad,Musheerabad,Small,Proprietary,Sri Durga Graphics,Power Generation Plant [Exceptwind And Solar Renewablepower Plants Of All Capacities And Mini Hyde! Power Plant Of Capacity <25Mw[,100000.0,2.0,Active,No,Ht,NO,,,0.0,,,
Hyderabad,Musheerabad,Small,Pvt Ltd,Divya Agro Roller Flour Mills Pvt Ltd,"Chilling Plant, Cold Storage And Ice Making",350000.0,5.0,Active,No,Ht,NO,,,0.0,,,
Hyderabad,Musheerabad,Small,Proprietary,Sri Ganesh Handloom And Textiles,Cotton Spinning An. Weaving (Small Scale),300000.0,4.0,Active,No,Ht,NO,,,0.0,,,
Hyderabad,Musheerabad,Small,Proprietary,Sky Readymade Garments,"Assembly Of Air Coolers /Conditioners ,Repairing And Servicing",500000.0,10.0,Active,No,Ht,NO,,,0.0,,,
Hyderabad,Musheerabad,Small,Proprietary,Shubham Enterprises,Printing Press,150000.0,4.0,Active,No,Ht,NO,,,0.0,,,
Hyderabad,Musheerabad,Small,Proprietary,Super Bed Works,"Gravure Printing, Digital Printing On Flex, Vinyl",500000.0,10.0,Active,No,Ht,NO,,,0.0,,,
Hyderabad,Musheerabad,Small,Pvt Ltd,M/S Vardhman Industries,"Building And Construction Project More Than 20,000 Sq. M Built Up Area",500000.0,4.0,Active,No,Ht,NO,,,0.0,,,
Hyderabad,Musheerabad,Small,Proprietary,Pratap Poultry Equipments,Engineering And Fabrication Units (Dry Process Without Any Heat Treatment / Metal Surface Finishing Operations / Painting),700000.0,5.0,Active,No,Ht,NO,,,0.0,,,
Hyderabad,Musheerabad,Small,Proprietary,Royal Mart,Mechanized Laundry Using Oil Firedboiler,500000.0,8.0,Active,No,Ht,NO,,,0.0,,,
Hyderabad,Musheerabad,Small,Proprietary,Lorven Industries,Bio Fertilizer And Bio-Pesticides Without Using Inorganic Chemicals,600000.0,9.0,Active,No,Ht,NO,,,0.0,,,
Hyderabad,Nampally,Small,Pvt Ltd,Atamos Nanotech Private Limited,Reprocessing Of Waste Cotton,300000.0,3.0,Active,No,Ht,NO,,,0.0,,,
Hyderabad,Nampally,Small,Proprietary,Ajay Metal Works,Chalk Making From Plaster Of Paris ( Only Casting Without Boilers Etc. ( Sun Drying / Electrical Oven),300000.0,8.0,Active,No,Ht,NO,,,0.0,,,
Hyderabad,Nampally,Medium,Pvt Ltd,Hyderabad Metal Products,"Carpentry & Wooden Furniture Manufacturing (Excluding Saw Mill) With The Help Of Electrical (Motorized) Machines Such As Electrical Wood Planner, Steel Saw Cutting Circular Blade, Etc",300000.0,5.0,Active,No,Ht,NO,,,0.0,,,
Hyderabad,Nampally,Small,Proprietary,Raitech Communications & Equipments,Packing Materials Manufacturing From Non Asbestos Fibre Vegetable Fibre Yarn,700000.0,5.0,Active,No,Ht,NO,,,0.0,,,
Hyderabad,Nampally,Small,Partnership,Aus Automotive Laboratories,Airports And Commercial Airstrips,500000.0,10.0,Active,No,Ht,NO,,,0.0,,,
Hyderabad,Nampally,Medium,Pvt Ltd,Sasidhar Industries,Thermal Power Plants,700000.0,6.0,Active,No,Ht,NO,,,0.0,,,
Hyderabad,Nampally,Small,Proprietary,Al Yameen Frozen Foods,Bakery /Confectionery /Sweets Products (With Production Capacity Less Than 1 Tpd (With Gas Or Electrical Oven),300000.0,4.0,Active,No,Ht,NO,,,0.0,,,
Hyderabad,Nampally,Medium,Pvt Ltd,Krishna Hardware Solution Private Limited,"Ports And Harbour, Jetties Anddredging Operations",150000.0,6.0,Active,No,Ht,NO,,,0.0,,,
Hyderabad,Nampally,Small,Pvt Ltd,Kmg Metals,Polythene And Plastic Processed Products Manufacturing(Virgin Plastic),300000.0,3.0,Active,No,Ht,NO,,,0.0,,,
Hyderabad,Saidabad,Small,Proprietary,Marvel Building Products,Heavy Engineering Including Ship Building (With Investment On Plant & Machineries More Than Rs. 10 Crores),500000.0,6.0,Active,No,Ht,NO,,,0.0,,,
Hyderabad,Saidabad,Small,Proprietary,Sri Annapurna Kundan Craft,"Dry Coal Processing, Mineral Processing, Industries Involving Ore Sintering, Pelletisating, Grinding And Pulverisation",500000.0,6.0,Active,No,Ht,NO,,,0.0,,,
Hyderabad,Saidabad,Small,Proprietary,Prakriti,"Flyash Export, Transport & Disposal Facilities",500000.0,5.0,Active,No,Ht,NO,,,0.0,,,
Hyderabad,Secunderabad,Small,Proprietary,Sree Maruthi Refrigeration,Reel Manufacturing,300000.0,3.0,Active,No,Ht,NO,,,0.0,,,
Hyderabad,Secunderabad,Small,Proprietary,Young Engineering,"Chilling Plant, Cold Storage And Ice Making",400000.0,5.0,Active,No,Ht,NO,,,0.0,,,
Hyderabad,Secunderabad,Small,Pvt Ltd,Panchavati Polyfibres Limited,Basic Chemicals And Electrochemicals And Its Derivativesincluding Manufacturing Of Acid,300000.0,3.0,Active,No,Ht,NO,,,0.0,,,
Hyderabad,Secunderabad,Small,Pvt Ltd,Royale Paper Products,Pulp & Paper ( Waste Paper Based Without Bleaching Process Tomanufacture Kraft Paper),250000.0,3.0,Active,No,Ht,NO,,,0.0,,,
Hyderabad,Secunderabad,Small,Pvt Ltd,Sri Revoos Heat Engineers,Reprocessing Of Waste Plastic Including Pvc,320000.0,4.0,Active,No,Ht,NO,,,0.0,,,
Hyderabad,Secunderabad,Small,Pvt Ltd,Prudent Automation Private Limited,Emery Powder ( Fine Dust Of Sand) Manufacturing,300000.0,4.0,Active,No,Ht,NO,,,0.0,,,
Hyderabad,Secunderabad,Small,Proprietary,Kapila Breeders And Hatcheries Pvt Ltd.,Basic Chemicals And Electrochemicals And Its Derivativesincluding Manufacturing Of Acid,300000.0,4.0,Active,No,Ht,NO,,,0.0,,,
Hyderabad,Secunderabad,Small,Proprietary,Sri Deepthi Foils Ltd,Oil Mill Ghani & Extraction ( No Hydrogenation / Refining),250000.0,3.0,Active,No,Ht,NO,,,0.0,,,
Hyderabad,Secunderabad,Small,Proprietary,Samarth Plastics,Polythene And Plastic Processed Products Manufacturing(Virgin Plastic),300000.0,4.0,Active,No,Ht,NO,,,0.0,,,
Hyderabad,Secunderabad,Small,Pvt Ltd,Meera Fibretek Private Limited,Bio Fertilizer And Bio-Pesticides Without Using Inorganic Chemicals,250000.0,3.0,Active,No,Ht,NO,,,0.0,,,
Hyderabad,Secunderabad,Small,Proprietary,A J Engineering Mechanical Works,Engineering And Fabrication Units (Dry Process Without Any Heat Treatment / Metal Surface Finishing Operations / Painting),350000.0,3.0,Active,No,Ht,NO,,,0.0,,,
Hyderabad,Secunderabad,Small,Proprietary,Krishna Tiffins,Parboiled Rice Mills,200000.0,3.0,Active,No,Ht,NO,,,0.0,,,
Hyderabad,Secunderabad,Small,Proprietary,Deccan Chronicle Holdings Limited,Building And Construction Projects With Waste Water More Than 100 Kld,350000.0,3.0,Active,No,Ht,NO,,,0.0,,,
Hyderabad,Secunderabad,Small,Proprietary,Kgn Welding Works,Manufacturing Of Mirror From Sheet Glass,200000.0,5.0,Active,No,Ht,NO,,,0.0,,,
Hyderabad,Secunderabad,Medium,Proprietary,Renuka Enterprises,Engineering And Fabrication Units (Dry Process Without Any Heat Treatment / Metal Surface Finishing Operations / Painting),50.0,12.0,Active,No,Lt,NO,,,0.0,,,
Hyderabad,Secunderabad,Small,Pvt Ltd,Shiv Shanker Paper Plates,Bailing (Hydraulic Press)Of Waste Papers,300000.0,3.0,Active,No,Ht,NO,,,0.0,,,
Hyderabad,Secunderabad,Medium,Pvt Ltd,Alistoflex Industrial Solutions Private Limited,Dry Cell Battery (Excluding Manufacturing Of Electrodes) And Assembling & Changing Of Acid Lead Battery On Micro Scale,600000.0,5.0,Active,No,Ht,NO,,,0.0,,,
Hyderabad,Secunderabad,Small,Pvt Ltd,N S Digital Flexo,Digital Printing On Pvc Clothes,200000.0,2.0,Active,No,Ht,NO,,,0.0,,,
Hyderabad,Secunderabad,Small,Pvt Ltd,Dm Enterprises,"Cement Products (Without Using Asbestos / Boiler / Steam Curing) Like Pipe ,Pillar, Jafri, Well Ring, Block/Tiles Etc.(Should Be Done In Closed Covered Shed To Control Fugitive Emissions)",300000.0,4.0,Active,No,Ht,NO,,,0.0,,,
Hyderabad,Secunderabad,Small,Pvt Ltd,Anand Jewellers,Power Looms (Without Dye And Bleaching),400000.0,2.0,Active,No,Ht,NO,,,0.0,,,
Hyderabad,Shaikpet,Small,Pvt Ltd,Wiiz Enterprises,Food And Food Processing Including Fruits And Vegetable Processing,300000.0,3.0,Active,No,Ht,NO,,,0.0,,,
Hyderabad,Shaikpet,Small,Proprietary,Ssgn Infotech Llp,Excavation Of Sand From The River Bed (Excluding Manual Excavation),400000.0,8.0,Active,No,Ht,NO,,,0.0,,,
Jagtial,Pegadapalle,Small,Proprietary,Slippery Wen Wet,"Glass Ceramics, Earthen Potteries And Fired Kilns, Coating On Glasses Usingcerium Fluorides And Magnesiumfluoride Etc",230000.0,3.0,Active,No,Ht,NO,,,0.0,,,
Karimnagar,Shankarapatnam,Micro,Partnership,M/S Sri Venkateshwara Modern Rice Mill,Parboiled Rice Mills,125.0,17.0,Active,No,Ht,YES,,,0.0,,,
Mahabubabad,Nellikudur,Micro,Proprietary,Vasanthalaxmi Poultry Farm,"Poultry, Hatchery And Piggery",10.0,8.0,Active,No,Lt,NO,,,0.0,,,
Sangareddy,Jinnaram,Small,Partnership,Bharat Boards Industries,Ply-Board Manufacturing (Includingveneer And Laminate) With Oil Firedboiler/ Thermlc Fluid Heater(Withoutresin Plant),500.0,12.0,Active,No,Ht,NO,,,0.0,,,
Warangal  Rural,Damera,Micro,Proprietary,Sri Venkateshwara Cement Bricks,Fly Ash Bricks/ Block Manufacturing,9.0,4.0,Active,No,Lt,NO,,,0.0,,,
Warangal  Rural,Duggondi,Micro,Proprietary,M/S. Raju And Mounika Mini Flyash Brick Unit,Fly Ash Bricks/ Block Manufacturing,5.0,6.0,Active,No,Lt,NO,,,0.0,,,
Warangal  Rural,Geesugonda,Micro,Proprietary,Manikanta Chemical Bricks,Fly Ash Bricks/ Block Manufacturing,6.0,4.0,Active,No,Ht,NO,,,0.0,,,
Warangal  Rural,Geesugonda,Micro,Proprietary,Chandana Fly Ash Bricks,Fly Ash Bricks/ Block Manufacturing,6.0,4.0,Active,No,Lt,NO,,,0.0,,,
Unknown,Unknown,Small,Unknown,"M/S, Jamuna Stone Crusher",Stone Crushers,210.0,,Unknown,No,Unknown,NO,Adilabad,Utnoor,9.0,Working,Proprietary,LT
Unknown,Unknown,Small,Unknown,M/S.Jamuna Stone Crusher,Stone Crushers,210.0,,Unknown,No,Unknown,NO,Adilabad,Utnoor,9.0,Working,Proprietary,LT
Unknown,Unknown,Micro,Unknown,M/S Om Bricks,Fly Ash Bricks/ Block Manufacturing,24.54,,Unknown,No,Unknown,NO,Asifabad,Wankdi,6.0,Working,Proprietary,LT
Unknown,Unknown,Micro,Unknown,Ab Waste Management,Reprocessing Of Waste Plastic Including Pvc,70.0,,Unknown,No,Unknown,NO,Gadwal,Ieej,11.0,Working,Proprietary,HT
Unknown,Unknown,Small,Unknown,Japs Ductfab Pvt Ltd,Engineering And Fabrication Units (Dry Process Without Any Heat Treatment / Metal Surface Finishing Operations / Painting),162.0,,Unknown,No,Unknown,YES,Hanumakonda,Khaazipet,12.0,Working,Pvt Ltd,LT
Unknown,Unknown,Micro,Unknown,"""M/S Svago Interiors""","Carpentry & Wooden Furniture Manufacturing (Excluding Saw Mill) With The Help Of Electrical (Motorized) Machines Such As Electrical Wood Planner, Steel Saw Cutting Circular Blade, Etc",82.0,,Unknown,No,Unknown,NO,Hanumakonda,Khaazipet,9.0,Working,Partnership,LT
Unknown,Unknown,Small,Unknown,Fu,Engineering And Fabrication Units (Dry Process Without Any Heat Treatment / Metal Surface Finishing Operations / Painting),170.0,,Unknown,No,Unknown,YES,Hanumakonda,Khaazipet,12.0,Working,Pvt Ltd,LT
Unknown,Unknown,Small,Unknown,Fuair Conditioning India Pvt Ltd,Engineering And Fabrication Units (Dry Process Without Any Heat Treatment / Metal Surface Finishing Operations / Painting),170.0,,Unknown,No,Unknown,YES,Hanumakonda,Khaazipet,12.0,Working,Pvt Ltd,LT
Unknown,Unknown,Large,Unknown,D,Electrical And Electronic Item Assembling ( Completely Dry Process),123456.0,,Unknown,Yes,Unknown,YES,Hyderabad,Amberpet,1234.0,Working,Pvt Ltd,LT
Unknown,Unknown,Micro,Unknown,Nutriolife Food Processing,Food And Food Processing Including Fruits And Vegetable Processing,118181.0,,Unknown,Yes,Unknown,NO,Hyderabad,Hyderabad,5.0,Working,Proprietary,LT
Unknown,Unknown,Micro,Unknown,M/S. Laxmi Chandraiah Agro Industries,Parboiled Rice Mills,300.0,,Unknown,No,Unknown,NO,Jagtial,Koratla,15.0,Working,Partnership,LT
Unknown,Unknown,Micro,Unknown,Laxmi Chandraiah Agro Industries,Parboiled Rice Mills,293.0,,Unknown,No,Unknown,NO,Jagtial,Koratla,15.0,Working,Partnership,LT
Unknown,Unknown,Small,Unknown,M.S Vishwanadh Agro Industries Paraboiled Ricemill,Parboiled Rice Mills,767.0,,Unknown,No,Unknown,NO,Jangaon,Jangaon,15.0,Working,Proprietary,LT
Unknown,Unknown,Small,Unknown,M/S.Sri Sai Vaishnavi Granites Industry,"Cutting, Sizing And Polishing Of Marble Stone",200.0,,Unknown,No,Unknown,NO,Karimnagar,Gangadhara,20.0,Working,Partnership,LT
Unknown,Unknown,Small,Unknown,Sri Sai Tanvi Granites,Granite / Stone Cutting And Polishing,200.0,,Unknown,No,Unknown,NO,Karimnagar,Kothapally,10.0,Working,Partnership,LT
Unknown,Unknown,Small,Unknown,Sri Laxmi Ganapathi Granites,"Cutting, Sizing And Polishing Of Marble Stone",272.0,,Unknown,No,Unknown,NO,Karimnagar,Kothapally,15.0,Working,Partnership,HT
Unknown,Unknown,Micro,Unknown,Svg Industry,Granite / Stone Cutting And Polishing,180.0,,Unknown,No,Unknown,NO,Karimnagar,Kothapally,10.0,Working,Partnership,HT
Unknown,Unknown,Small,Unknown,Sri Poultry Farms,"Poultry, Hatchery And Piggery",200.0,,Unknown,No,Unknown,NO,Khammam,Penuballi,10.0,Other,Proprietary,HT
Unknown,Unknown,Medium,Unknown,Alp Aeroflex India Private Limited,Rubber Goods Industry (With Gas Operated Baby Boiler),4806.0,,Unknown,No,Unknown,NO,Mahbubnagar,Jadcherla,65.0,Working,Pvt Ltd,LT
Unknown,Unknown,Medium,Unknown,M/S Alp Aeroflex India Private Limited,Rubber Goods Industry (With Gas Operated Baby Boiler),7500.0,,Unknown,No,Unknown,NO,Mahbubnagar,Jadcherla,66.0,Working,Pvt Ltd,LT
Unknown,Unknown,Medium,Unknown,Alp Aeroflex India Private Limited,Rubber Goods Industry (With Gas Operated Baby Boiler),7500.0,,Unknown,Yes,Unknown,YES,Mahbubnagar,Rajapur,66.0,Working,Pvt Ltd,HT
Unknown,Unknown,Medium,Unknown,Alp Aeroflex India Pvt. Ltd.,Rubber Goods Industry (With Gas Operated Baby Boiler),7500.0,,Unknown,Yes,Unknown,YES,Mahbubnagar,Rajapur,66.0,Working,Pvt Ltd,HT
Unknown,Unknown,Small,Unknown,Bansal Polyplast Pvt Ltd,Reprocessing Of Waste Plastic Including Pvc,494.85,,Unknown,No,Unknown,YES,Medak,Kulcharam,13.0,Working,Pvt Ltd,HT
Unknown,Unknown,Small,Unknown,"M/S Bansal Polyplast Pvt Ltd.,",Reprocessing Of Waste Plastic Including Pvc,479.66,,Unknown,No,Unknown,YES,Medak,Manoharabad,13.0,Working,Pvt Ltd,HT
Unknown,Unknown,Micro,Unknown,M/S. Recaz Polyurethanes Pvt Ltd,"Lubricating Oil, Greases Or Petroleum Based Products (Only Blending At Nomad Temperature)",75.0,,Unknown,Yes,Unknown,NO,Medak,Manoharabad,6.0,Working,Pvt Ltd,LT
Unknown,Unknown,Small,Unknown,Sinduja Ploybags,Polythene And Plastic Processed Products Manufacturing(Virgin Plastic),450.0,,Unknown,No,Unknown,YES,Medchal,Qutubullapur,30.0,Working,Proprietary,HT
Unknown,Unknown,Small,Unknown,M/S Deccan Grainz Private Limited,Packing Of Powdered Mill,1236.6,,Unknown,Yes,Unknown,YES,Mulugu,Mulugu,62.0,Working,Pvt Ltd,HT
Unknown,Unknown,Micro,Unknown,Sprint Ziptech,Polythene And Plastic Processed Products Manufacturing(Virgin Plastic),80.0,,Unknown,No,Unknown,NO,Rangareddy,Kothur,12.0,Working,Proprietary,LT
Unknown,Unknown,Micro,Unknown,M/S Sainath Enterprises,Polythene And Plastic Processed Products Manufacturing(Virgin Plastic),50.0,,Unknown,No,Unknown,NO,Rangareddy,Rajendranagar,10.0,Other,Proprietary,LT
Unknown,Unknown,Large,Unknown,Astral Limited,Polythene And Plastic Processed Products Manufacturing(Virgin Plastic),128582.0,,Unknown,No,Unknown,YES,Rangareddy,Shabad,500.0,Working,Public Limited,HT
Unknown,Unknown,Micro,Unknown,Bramarambika Mallikarjuna Agro Industries,Parboiled Rice Mills,344.0,,Unknown,No,Unknown,NO,Sangareddy,Pulkal,15.0,Working,Proprietary,LT
Unknown,Unknown,Micro,Unknown,Kisan Dairy Farm,"Dairy Farm (Stand-Alone Or Isolated Dairy Farm, Having 15 Animals & Above)",20.0,,Unknown,No,Unknown,NO,Warangal,Wardhanna Pet,5.0,Working,Proprietary,LT
